LON,LAT,EDO,CLAVE,ESTACION,may-25
-102.309722,21.895,AGS,AGSAG,"Aguascalientes, Ags.",64.72
-102.291111,21.851111,AGS,AGUASCALIENTESo,"Observatorio de Aguascalientes, Ags. SGT*",12
-102.464167,22.188611,AGS,ANVAG,"Cincuenta Aniversario, Ags.",37.2
-102.184167,21.738611,AGS,BRTAG,"San Bartolo, Ags.",0
-102.676944,21.9975,AGS,CDRAG,"La Codorniz, Ags.",0
-102.197222,22.007222,AGS,CHOAG,"Cañada Honda, Ags.",7.5
-102.189167,21.826667,AGS,CLVAG,"Calvillo, Ags.",8.91
-101.992222,21.897778,AGS,CNSAG,"Los Conos, Ags.",30.12
-102.296667,22.362778,AGS,CSOAG,"Cosío, Ags.",35.03
-102.356944,22.121667,AGS,JCQAG,"Jocoque, Ags.",24.21
-102.788333,21.8075,AGS,MNLAG,"Media Luna, Ags.",8.22
-102.371667,21.78,AGS,NGRAG,"El Niágara, Ags.",26.64
-102.001944,22.020556,AGS,NVLAG,"El Novillo, Ags.",21.5
-102.290556,21.850833,AGS,OBSAG,"Observatorio de Aguascalientes, Ags.",50.62
-102.465,22.189167,AGS,P50ANIV,"Presa Cincuenta Aniversario, Ags. SMN*",75.6
-101.966667,21.916667,AGS,PALAG,"Palo Alto, Ags.",16
-102.279167,22.147222,AGS,PBLAG,"Pabellón, Ags.",31.31
-102.417222,22.141111,AGS,PECAG,"Plutarco Elías Calles, Ags.",54.01
-102.135,22.202778,AGS,PTOAG,"Puerto de la Concepción, Ags.",16.06
-102.4375,22.235,AGS,PTRAG,"Derivadora Pabellón, Ags.",85.31
-102.108889,21.885,AGS,SNVAG,"Sandovales, Ags.",0.01
-102.127778,21.807778,AGS,TNJAG,"La Tinaja 2, Ags.",14
-102.0675,22.097778,AGS,VJZAG,"Villa Juárez, Ags.",21.6
-116.204167,32.271944,BC,AGHBN,"Agua Hechicera, B.C.",5.6
-116.908333,32.444722,BC,ALRBN,"Abelardo L. Rodríguez, B.C.",2.03
-116.696944,32.479444,BC,CRRBN,"El Carrizo, B.C.",2.42
-116.584444,32.243056,BC,CSRBN,"Carmen Serdán, B.C.",0
-116.828333,32.468056,BC,EFLBN,"El Florido, B.C.",2.82
-116.6025,31.890278,BC,ELZBN,"Emilio López Zamora, B.C.",10.01
-115.931389,30.517222,BC,ENBBN,"San Quintín, B.C.",0.2
-116.302778,32.516389,BC,HNGBN,"El Hongo, B.C.",0
-115.1875,28.034444,BC,ISLACEDROSmar,"Isla Cedros, B.C. SEMAR*",2.29
-115.27,32.39,BC,MXCBN,"Mexicali, B.C.",0.02
-117.071389,32.3775,BC,PLAYAROSARITO,"Playa Rosarito, B.C. SMN*",5.8
-116.603333,31.891667,BC,PLOPEZZAMORA,"Presa Emilio López Zamora, B.C. SMN*",9.8
-116.205556,32.272222,BC,RUMOROSA,"La Rumorosa, B.C. SMN*",4.5
-116.661667,32.568611,BC,TECATE,"Tecate, B.C. SMN*",9.2
-109.925833,22.8975,BCS,CSLBS,"Cabo San Lucas, B.C.S.",2.31
-109.697222,23.680556,BCS,LBABS,"Los Barriles, B.C.S.",6.01
-111.983056,26.896111,BCS,MLGBS,"Mulegé, B.C.S.",1
-109.934167,23.9675,BCS,PLNBS,"Los Planes, B.C.S.",0
-109.591389,23.593056,BCS,RBRBS,"La Ribera, B.C.S.",5
-110.059167,23.805,BCS,SANBS,"San Antonio, B.C.S.",2.41
-109.995,24.083889,BCS,SARBS,"El Sargento, B.C.S.",3
-109.843889,23.738333,BCS,SBABS,"San Bartolo, B.C.S.",5
-109.708333,23.118889,BCS,SJCBS,"San José del Cabo, B.C.S.",8.01
-109.713611,23.490278,BCS,SNTBS,"Santiago, B.C.S.",5.1
-112.272778,27.337778,BCS,SRLBS,"Observatorio de Santa Rosalía, B.C.S.",0.01
-110.210556,23.478889,BCS,TSNBS,"Todos Santos, B.C.S.",0.01
-89.743889,20.003889,CAMP,BOLCA,"Bolonchen, Camp.",15.5
-89.8925,18.365,CAMP,CALAKMUL,"Calakmul, Camp. SMN*",19.3
-90.575556,19.295,CAMP,CANCA,"Canasayab, Camp.",0.02
-91.761389,18.654167,CAMP,CARCA,"El Carmen, Camp.",27.3
-91.962778,20.203889,CAMP,CAYOARCASmar,"Cayo Arcas, Camp. SEMAR*",0
-90.72,19.361667,CAMP,CHMCA,"Champotón, Camp.",0.01
-90.558889,19.830556,CAMP,CMPCA,"Campeche, Camp.",0.01
-91.046111,18.183056,CAMP,CNDCA,"Candelaria, Camp.",2.3
-90.5075,19.836389,CAMP,COBCA,"Observatorio de Campeche, Camp.",9.11
-90.741111,18.604444,CAMP,ESCCA,"Escárcega, Camp.",0
-90.105556,20.184167,CAMP,HECCA,"Hecelchakán, Camp.",0
-89.848333,19.751944,CAMP,HPOCA,"Hopelchen, Camp.",50.6
-90.221389,19.605833,CAMP,NYXCA,"Noh Yaxché, Camp.",6.6
-92.086944,18.253056,CAMP,PLZCA,"Palizada, Camp.",10.5
-91.175833,18.972778,CAMP,SBNCA,"Sabancuy, Camp.",24
-89.860278,19.664444,CAMP,XCPCA,"Xcupil, Camp.",132.4
-107.482778,28.481667,CHIH,AGZCH,"Abraham González, Chih.",8
-107.255556,28.771667,CHIH,BACCH,"Bachíniva, Chih.",3.5
-107.723611,27.033611,CHIH,BTPCH,"Batopilas, Chih.",0
-107.930833,30.376667,CHIH,CAGCH,"Observatorio de Nuevo Casas Grandes, Chih.",1
-105.446944,28.210833,CHIH,CDLCH,"Ciudad Delicias, Chih.",13
-106.770556,26.229444,CHIH,CHNCH,"Chinatú, Chih. SMN*",15.56
-106.400278,31.736667,CHIH,CJZCH,"Ciudad Juárez, Chih.",0
-105.381667,27.410278,CHIH,CL2CH,"Colina hidrométrica, Chih.",2.5
-108.541667,27.416667,CHIH,CNDCH,"Chínipas, Chih.",0
-107.633333,27.75,CHIH,CRLCH,"Creel, Chih.",2.21
-105.628889,28.166111,CHIH,FIMCH,"Las Vírgenes, Chih.",3.6
-108.3,29.2,CHIH,GPCCH,"Guapoca, Chih.",0
-107.072778,26.813056,CHIH,GRCCH,"Guerachi, Chih.",0
-107.879167,26.870833,CHIH,IGNCH,"San Ignacio, Chih.",0.01
-108.427222,30.838889,CHIH,JANOS,"Janos, Chih. SMN*",0
-105.414167,27.544722,CHIH,LBQCH,"La Boquilla, Chih.",4.5
-107.025833,29.88,CHIH,LJSCH,"Las Lajas, Chih.",0.02
-105.28,28.984444,CHIH,LLNCH,"El Granero, Chih.",14
-107.994167,27.858611,CHIH,MAGCH,"Maguarichi, Chih. SMN*",1.01
-108.14,29.18,CHIH,MDRCH,"Ciudad Madera, Chih.",1
-104.410833,29.565,CHIH,OJNCH,"Ojinaga, Chih.",0
-105.254167,26.546389,CHIH,PAGCH,"Pico del Aguila, Chih.",38.01
-105.280833,28.95,CHIH,PGRANERO,"Presa el Granero, Chih. SGT*",11
-105.675556,26.917778,CHIH,PRRCH,"Observatorio de Parral, Chih.",10.4
-106.085556,28.656944,CHIH,QIJCH,"Observatorio de Chihuahua, Chih.",11
-107.85,28.95,CHIH,TMCCH,"Observatorio de Temósachic, Chih.",2.9
-107.384167,29.5625,CHIH,TNTCH,"El Tintero, Chih.",0
-107.9125,27.216667,CHIH,URECH,"Urique, Chih.",0
-105.16,26.738611,CHIH,VICCH,"Villa Coronado, Chih.",19.03
-105.806944,27.454444,CHIH,VZRCH,"Valle de Zaragoza, Chih.",0
-92.804167,16.552778,CHIS,ACACP,"Acala, Chis.",52.9
-92.778889,16.401389,CHIS,ANGCP,"Doctor Belisario Domínguez, Chis.",159.71
-93.8975,16.241111,CHIS,AROCP,"Observatorio de Arriaga, Chis.",213.5
-92.874722,17.189444,CHIS,ARROYOGRANDE,"Arroyo Grande, Chis. SGT*",126.6
-93.427222,17.253611,CHIS,AZAPACCFE,"Aza Pac, Chis. CFE*",92.9
-93.026389,16.9525,CHIS,BOMBANA,"Bombana, Chis. SGT*",98.6
-93.15,16.641944,CHIS,BOQCP,"Boquerón, Chis.",74.7
-92.731389,15.365556,CHIS,CACCP,"Cacaluta, Chis.",361.51
-92.479167,16.308333,CHIS,CASCP,"Cascajal, Chis.",72.31
-92.618056,16.963333,CHIS,CHALCHIHUITAN,"Chalchihuitán, Chis. SGT*",197
-93.131389,17.341389,CHIS,CHAPULTENANGO,"Chapultenango, Chis. SGT*",175.8
-92.715556,16.578056,CHIS,CHIAPILLA,"Villa de Chiapilla, Chis. SGT*",45.2
-92.281389,15.750278,CHIS,CHICOMUSELO,"Chicomuselo, Chis. SGT*",65.2
-93.100556,16.941667,CHIS,CHICP,"Manuel Moreno Torres, Chis.",128.9
-92.283333,15.75,CHIS,CHMCP,"Chicomuselo, Chis.",111.2
-92.1,16.2,CHIS,COOCP,"Observatorio de Comitán, Chis.",107.62
-93.906111,16.2425,CHIS,CREDARRIAGA,"Cred Arriaga, Chis. PC*",131.32
-92.135556,16.224444,CHIS,CREDCOMITAN,"Cred Comitan, Chis. PC*",73.36
-92.113056,15.435833,CHIS,CUILCOCFE,"Cuilco, Chis. CFE*",129.6
-92.864444,16.038611,CHIS,CUXTEPEQUESCFE,"Cuxtepeques, Chis. CFE*",72.3
-92.938056,15.881944,CHIS,CUXTEPEQUESHM,"Finca Cuxtepeques hidrométrica, Chis. SGT*",80.9
-92.575,15.204167,CHIS,DESCP,"Despoblado, Chis.",511
-92.925278,16.108333,CHIS,DORADOCFE,"El Dorado, Chis. CFE*",157.5
-92.590833,16.686111,CHIS,ELAGUAJE,"El Aguaje, Chis. SGT*",163.6
-92.828611,16.787778,CHIS,ELBURRERO,"El Burrero, Chis. SGT*",117.3
-92.95,15.495833,CHIS,ELNCP,"El Novillero, Chis.",189.02
-92.808056,15.656667,CHIS,ELTRIUNFO,"El Triunfo, Chis. SMN*",238.4
-92.755278,15.071111,CHIS,ENCRUCIJADA,"La Encrucijada, Chis. SMN*",164.5
-92.829444,17.373056,CHIS,ESCALONCP,"El Escalón, Chis. SGT*",88.8
-92.666667,15.316667,CHIS,ESCCP,"Escuintla, Chis.",569.5
-93.342222,17.216667,CHIS,EZAPATACFE,"Emiliano Zapata, Chis. CFE*",77.2
-92.299167,15.126667,CHIS,FARCP,"Finca Argovia, Chis.",540.9
-92.325278,15.173889,CHIS,FHACP,"Finca Hamburgo, Chis.",443.7
-92.476111,15.346667,CHIS,FPZCP,"Finca la Paz, Chis.",337
-93.125,16.975,CHIS,GRICP,"Grijalva, Chis.",0
-92.402778,14.997222,CHIS,HUECP,"Huehuetán, Chis.",269.6
-92.472222,15.133333,CHIS,HUICP,"Huixtla, Chis.",458.32
-92.454167,16.712778,CHIS,HUIXTAN,"Huixtán, Chis. SGT*",48
-92.725,15.866667,CHIS,JAPCP,"Jaltenango, Chis.",106.81
-93.381389,17.364167,CHIS,JDGCP,"Juan de Grijalva, Chis.",131.7
-93.381389,17.364167,CHIS,JGRIJALVACFE,"Túneles Juan de Grijalva, Chis. CFE*",131.7
-92.898611,15.996389,CHIS,JSBCP,"Juan Sabines, Chis.",172.2
-90.702222,16.580833,CHIS,LACCP,"Lacantún, Chis.",20.5
-93.561111,16.695833,CHIS,LFLCP,"Las Flores, Chis.",103.3
-93.598889,17.178611,CHIS,MALCP,"Nezahualcóyotl, Chis.",109.7
-92.883333,15.45,CHIS,MAPCP,"Mapastepec, Chis.",259.01
-93.384444,16.0675,CHIS,MONTERREYCFE,"Monterrey, Chis. CFE*",167.8
-92.2675,15.333333,CHIS,MOTOZINTLA,"Motozintla, Chis. SGT*",72.3
-93.150556,17.220556,CHIS,OCOCP,"Ocotepec, Chis.",135
-93.458611,17.446111,CHIS,PENCP,"Angel Albino Corzo, Chis.",99.6
-93.216667,15.691667,CHIS,PIJCP,"Pijijiapan, Chis.",267.8
-92.649167,16.725278,CHIS,PTEMORELOS,"Puente Morelos, Chis. SGT*",249
-92.618056,16.7475,CHIS,QUIOSCO,"Quiosco, Chis. SGT*",223
-92.666667,15.916667,CHIS,REFCP,"Reforma, Chis.",79.2
-93.030278,17.413333,CHIS,REFUGIOCP,"El Refugio, Chis. SGT*",131.6
-93.079167,16.158333,CHIS,REVCP,"Revolución Mexicana, Chis.",93.5
-92.35,17.566667,CHIS,SAACP,"Salto de Agua, Chis.",139.3
-92.104167,15.031667,CHIS,SANTODOMINGO,"Santo Domingo, Chis. Protección Civil*",369.42
-93.383333,17.425,CHIS,SAYCP,"Sayula, Chis.",110.9
-92.603056,16.727222,CHIS,SCCASASCFE,"San Cristóbal de las Casas, Chis. CFE*",100.9
-92.633333,16.733333,CHIS,SCOCP,"Observatorio de San Cristóbal, Chis.",276.2
-92.616667,16.741667,CHIS,SCRCP,"Puente Morelos, Chis.",260.31
-93.056389,16.4525,CHIS,SDOCP,"Santo Domingo, Chis.",161.1
-92.951389,15.872778,CHIS,SFRANCISCOII,"San Francisco 2, Chis. SGT*",3.6
-93.085,17.561111,CHIS,SJOCP,"San Joaquín, Chis.",51.6
-93.591111,16.152222,CHIS,SMORENACFE,"Sierra Morena, Chis. CFE*",91.8
-92.820833,16.938889,CHIS,SNACP,"Santa María, Chis.",194.1
-92.731389,17.035556,CHIS,SPNICHTALUCUM,"San Pedro Nichtalucum, Chis. SGT*",180.1
-93.034167,16.742778,CHIS,SUMIDEROCFE,"Cañón del Sumidero, Chis. CFE*",66.7
-92.243333,14.99,CHIS,TAMCP,"Tapachula Malpaso, Chis.",557.6
-92.260556,14.908056,CHIS,TAPCP,"Tapachula, Chis.",128.6
-93.529167,15.875,CHIS,TPICP,"Tres Picos, Chis.",106.2
-93.577778,16.227222,CHIS,TRESPICOSCFE,"Tres Picos, Chis. CFE*",169.3
-93.1,16.761944,CHIS,TUXCP,"Tuxtla Oriente, Chis.",52.4
-93.133333,16.75,CHIS,TXOCP,"Observatorio de Tuxtla Gutiérrez, Chis.",65.2
-93.068056,16.716944,CHIS,TXZCP,"Tuxtla Gutiérrez Zoomat, Chis.",52.1
-93.5375,17.283333,CHIS,TZICP,"Tzimbac, Chis.",92
-92.909722,17.178333,CHIS,UNIVERSIDADLIND,"Universidad Lindavista, Chis. SMN*",105.15
-92.147222,15.091111,CHIS,VTACANA,"Volcán Tacaná, Chis. SMN*",446.2
-93.330556,17.116667,CHIS,YAMCP,"Yamonhó, Chis.",64.6
-101.057222,29.446944,COAH,AMSCL,"Internacional La Amistad, Coah.",40.51
-100.929722,25.561111,COAH,ARACL,"Ramos Arizpe Aeropuerto, Coah.",40.01
-102.064444,26.983333,COAH,CCGCL,"Cuatro Ciénegas, Coah.",2.9
-100.661111,26.844444,COAH,CDLCL,"Candela, Coah.",114.7
-100.95,29.213611,COAH,CNTCL,"El Centenario, Coah.",0
-103.469167,25.542222,COAH,CYTCL,"Coyote, Coah.",8.03
-100.920833,25.436111,COAH,ESLCL,"Secretaría de Agricultura Saltillo, Coah.",38.61
-100.832222,28.82,COAH,LFGCL,"La Fragua, Coah.",74.35
-103.283889,25.068056,COAH,LFLDR,"La Flor, Coah.",19.3
-103.266667,25.766667,COAH,MADCL,"Madero, Coah.",4.52
-101.4225,26.908333,COAH,MCVCL,"Observatorio de Monclova, Coah.",77.3
-100.5325,28.706667,COAH,PNGCL,"Observatorio de Piedras Negras, Coah.",222.7
-101.016667,25.376389,COAH,SALCL,"Observatorio de Saltillo, Coah.",90
-101.213056,28.399444,COAH,SANTACECILIA,"Santa Cecilia, Coah. SMN*",0
-101.122778,27.846667,COAH,SBNCL,"Sabinas, Coah.",155
-100.953889,29.034167,COAH,SMGCL,"San Miguel, Coah.",50
-103.699722,27.285278,COAH,SMJCL,"Sierra Mojada, Coah.",20.5
-102.979444,25.7575,COAH,SPECL,"San Pedro, Coah.",5.42
-101.016667,25.376389,COAH,STOCL,"Saltillo, Coah.",58.5
-103.45,25.541667,COAH,TORCL,"Observatorio de Torreón, Coah.",4.84
-100.616111,27.515,COAH,VCRCL,"Venustiano Carranza, Coah.",46.03
-103.613056,19.2475,COL,BVSCM,"Buenavista, Col.",10
-103.725556,18.758611,COL,CDOCM,"Cerro de Ortega, Col.",24.1
-103.702778,19.295,COL,CHNCM,"El Chanal, Col.",22.01
-103.757222,19.3175,COL,CMLCM,"Comala, Col.",11.21
-103.804167,19.2125,COL,CQMCM,"Coquimatlán, Col.",93.71
-103.6,19.325,COL,CUACM,"Cuauhtémoc, Col.",13.5
-103.884444,19.111389,COL,DJLCM,"P. deriv. Gregorio T. Q. Jala, Col.",70.2
-110.953611,18.726667,COL,ISOCORROmar,"Isla Socorro, Col. SEMAR*",2.4
-103.866389,19.17,COL,LAECM,"La Esperanza, Col.",112.1
-103.774167,18.809167,COL,LDACM,"Laguna de Amela, Col.",6.4
-103.725278,19.223333,COL,LPSCM,"La Posta, Col.",32.01
-104.318611,19.044444,COL,MNZCM,"Observatorio de Manzanillo, Col.",97.6
-103.8125,19.3275,COL,PNTCM,"P. deriv. Peñitas, Col.",14
-104.100556,18.938611,COL,RDRCM,"Radar, Col.",18.8
-103.700833,19.408333,COL,SCHCM,"Suchitlán, Col.",3.71
-103.867778,18.911667,COL,TCMCM,"Tecomán, Col.",20
-103.663333,19.2775,COL,TRPCM,"Trapiche, Col.",12.51
-99.210278,19.218611,DF,AJSDF,"Ajusco, Cd. de Méx.",86.5
-99.235278,19.203333,DF,AJUSCOALTATEN,"Ajusco Alta Tensión, Cd. de Méx. SEGIAGUA*",68.75
-99.197222,19.388611,DF,CAJA6IPSAYP,"Caja 6 IP San Antonio y Periferico, Cd. de Méx. SEGIAGUA*",82
-99.180556,19.346667,DF,CCUDF,"Universidad, Cd. de Méx.",105.28
-98.999444,19.357222,DF,CDMDF,"Cárcel de Mujeres, Cd. de Méx.",68.49
-99.1125,19.407778,DF,CDVDF,"Ciudad Deportiva, Cd. de Méx.",74.51
-99.1375,19.516667,DF,CEADF,"Campamento Amealco, Cd. de Méx.",83.45
-99.021667,19.256111,DF,CERRILLOS,"Cerrillos, Cd. de Méx. SEGIAGUA*",64.5
-99.208333,19.155556,DF,CFSDF,"Caseta Forestal, Cd. de Méx.",90
-99.047222,19.442222,DF,CHAPLAGO,"Planta de bombeo Churubusco Lago, Cd. de Méx. SEGIAGUA*",19.5
-99.1375,19.469722,DF,CMTDF,"Avenida Cien Metros, Cd. de Méx.",68.5
-99.183333,19.486389,DF,CMYDF,"Campamento Mecoaya, Cd. de Méx.",129.19
-99.077778,19.4775,DF,CRAEOCAVM,"San Juan de Aragón (CRAE OCAVM), Cd. de Méx. SEGIAGUA*",53.5
-99.196111,19.406389,DF,CTMDF,"Observatorio de Tacubaya, Cd. de Méx.",52.4
-99.09,19.190278,DF,CTNDF,"San Salvador Cuauhtenco, Cd. de Méx.",66.32
-99.09,19.484167,DF,CYLDF,"Coyol, Cd. de Méx.",44.5
-99.205,19.3,DF,DATDF,"Desviación Alta, Cd. de Méx.",26
-99.131389,19.431111,DF,DDFDF,"Gobierno de la Ciudad de México, Cd. de Méx.",64.5
-99.309167,19.313333,DF,DTLDF,"Desierto de los Leones, Cd. de Méx.",30
-99.151944,19.300556,DF,EAZDF,"Estadio Azteca, Cd. de Méx.",107.24
-99.073056,19.288611,DF,ELMOLINOCDMX,"El Molino, Cd. de Méx. SEGIAGUA*",10
-99.066667,19.377778,DF,EMRDF,"El Moral SACM, Cd. de Méx.",24.9
-99.286389,19.3625,DF,EYQDF,"El Yaqui, Cd. de Méx.",55.75
-99.352222,19.295,DF,EZCDF,"El Zarco, Méx.",68
-99.091667,19.478056,DF,GCNDF,"km 6+250, Cd. de Méx.",75.6
-99.2625,19.308056,DF,HYTDF,"Huayatla, Cd. de Méx.",67
-98.975,19.339167,DF,LACALDERA,"La Caldera Subestación eléctrica Santa Lucía, Méx. SEGIAGUA*",100.75
-99.170556,19.286944,DF,LAJOYACDMX,"La Joya, Cd. de Méx. SEGIAGUA*",4.25
-99.066667,19.377778,DF,LU4DF,"Lumbrera Cuatro Ríos (El Moral), Cd. de Méx.",64.5
-99.133889,19.403333,DF,MCRDF,"Marcos Carrillo, Cd. de Méx.",68.25
-99.026944,19.187222,DF,MILPAALTADF,"Milpa Alta, Cd. de Méx. SEGIAGUA*",101.5
-99.026944,19.187222,DF,MLPDF,"Milpa Alta, Cd. de Méx.",12.45
-99.120556,19.150556,DF,MTULMIAC,"Manantial Tulmiac, Cd. de Méx. SEGIAGUA*",114.5
-99.233056,19.187778,DF,MZTDF,"Planta Abasolo (Mezontepec), Cd. de Méx.",104.25
-99.096389,19.316389,DF,OCSDF,"Organismo de Cuenca Aguas del Valle de Mécico Sur, Cd. de Méx.",43.5
-99.100278,19.379167,DF,PBADF,"Planta de bombeo Aculco, Cd. de Méx.",44.5
-99.057778,19.433333,DF,PBCDF,"Planta de bombeo Churubusco Lago, Cd. de Méx.",9.06
-99.119444,19.486667,DF,PBLDF,"Planta de bombeo Lindavista, Cd. de Méx.",27.59
-99.037778,19.38,DF,PBODF,"Planta de bombeo U.H. Ejército de Oriente, Cd. de Méx.",17.5
-99.170556,19.435556,DF,PBTDF,"Planta de bombeo Tizoc, Cd. de Méx.",52.72
-99.2,19.413056,DF,PCHDF,"Planta Chapultepec, Cd. de Méx.",91.06
-99.097222,19.455833,DF,PGNDF,"Planta Generadora 101, Cd. de Méx.",94.29
-99.209444,19.308611,DF,PICACHOAJUSCO,"Planta Pichacho Ajusco Periférico, Cd. de Méx. SEGIAGUA*",0
-99.219444,19.285278,DF,PICACHOHOMUN,"Picacho Homun, Cd. de Méx. SEGIAGUA*",99.5
-99.076389,19.336944,DF,PLEDF,"Planta de Tratamiento Cerro de La Estrella, Cd. de Méx.",35
-99.068333,19.420278,DF,PLMDF,"Planta de bombeo López Mateos, Cd. de Méx.",54.49
-99.126389,19.365278,DF,PMLDF,"Planta de bombeo Municipio Libre, Cd. de Méx.",66.55
-99.090833,19.246389,DF,PNTDF,"Planta Nativitas, Cd. de Méx.",71.79
-99.177222,19.328889,DF,POZOCU,"Pozo C.U., Cd. de Méx. SEGIAGUA*",1.25
-99.235556,19.423611,DF,PRESAMIXCOAC,"Presa Mixcoac, Cd. de Méx. SEGIAGUA*",118.5
-99.154444,19.513056,DF,PRMDF,"Planta de Tratamiento Río de La Magdalena, Cd. de Méx.",72.63
-99.154444,19.513056,DF,PRRDF,"Planta de Tratamiento Río Remedios, Cd. de Méx.",70.75
-99.023056,19.299167,DF,PSCDF,"Planta de Tratamiento Santa Catarina, Cd. de Méx.",58.25
-99.05,19.233333,DF,PSLDF,"Planta San Luis, Cd. de Méx.",45.25
-99.163889,19.468889,DF,PSNDF,"Planta de bombeo Nueva Santa María, Cd. de Méx.",37.08
-99.171111,19.263056,DF,PSPDF,"Pueblo San Pedro Mártir, Cd. de Méx.",89.72
-99.059444,19.225278,DF,PTARSPACTOPAN,"PTAR San Pedro Actopan, Cd. de Méx. SEGIAGUA*",65.5
-99.190278,19.509167,DF,PTRDF,"Planta de Tratamiento Rosario, Cd. de Méx.",78
-99.126111,19.285833,DF,PVCDF,"Planta de bombeo Villa Coapa, Cd. de Méx.",83.2
-99.143056,19.331944,DF,PXTDF,"Planta de bombeo Xotepingo, Cd. de Méx.",135.62
-99.194167,19.296111,DF,RBTDF,"Rebombeo Bosque de Tlalpan, Cd. de Méx.",105.5
-99.17,19.4,DF,RCMDF,"Radio Comunicación, Cd. de Méx.",100.5
-99.129444,19.237222,DF,RECLUSORIOSUR,"Pozo reclusorio Sur, Cd. de Méx. SEGIAGUA*",62
-99,19.166667,DF,SANDF,"Santa Ana, Cd. de Méx.",56.54
-99.028889,19.338333,DF,SCMDF,"Rebombeo La Quebradora (Santa Cruz Meyehualco), Cd. de Méx.",84.85
-99.122222,19.572222,DF,SGDDF,"Sierra Guadalupe, Cd. de Méx.",124.05
-99.066667,19.466667,DF,SJADF,"San Juan de Aragón, Cd. de Méx.",63.92
-99.176389,19.206389,DF,SMTOPILEJO,"San Miguel Topilejo, Cd. de Méx. SEGIAGUA*",100
-99.17,19.262778,DF,SPEDROMARTIR,"San Pedro Mártir, Cd. de Méx. SEGIAGUA*",90.25
-99.009722,19.281389,DF,SPPDF,"San Pedro Tláhuac, Cd. de Méx.",58.77
-99.1425,19.556111,DF,TCMDF,"Tanque Chalmita, Cd. de Méx.",83
-99.272222,19.373056,DF,TECDF,"Tanque el Cartero, Cd. de Méx.",85.67
-99.246389,19.333889,DF,TELDF,"Tanque el Lienzo, Cd. de Méx.",61.18
-99.000556,19.275,DF,TEQUESQUITE,"San José Tláhuac RB Tequesquite, Cd. de Méx. SEGIAGUA*",0
-99.098889,19.385556,DF,TEZDF,"Tezontle, Cd. de Méx. SMN*",73.15
-99.211667,19.399167,DF,TNGDF,"Triángulo, Cd. de Méx.",99.04
-99.135833,19.199444,DF,TPJDF,"Topilejo, Cd. de Méx.",107
-99.084722,19.440833,DF,TPNDF,"Tanque Peñón, Cd. de Méx.",56.25
-99.2125,19.361944,DF,TRGDF,"Tarango, Cd. de Méx.",69
-99.248611,19.316667,DF,TSFDF,"Tanque San Francisco, Cd. de Méx.",102.33
-99.228611,19.436389,DF,TSJDF,"Tanque San Joaquín, Cd. de Méx.",61.06
-99.264444,19.359722,DF,TSLDF,"Santa Fe (Santa Lucía), Cd. de Méx.",88.45
-99.245833,19.274167,DF,ZACATON,"Zacatón, Cd. de Méx. SEGIAGUA*",108.25
-104.810278,24.538333,DGO,CBRDR,"Caboraca, Dgo.",21.01
-104.121111,24.4375,DGO,CGVDR,"Ciudad Guadalupe Victoria, Dgo.",6.72
-103.521667,25.533333,DGO,CLRDR,"Ciudad Lerdo, Dgo.",8.54
-103.698889,24.871944,DGO,CNCDR,"Cuencamé, Dgo.",20.5
-104.782778,24.518333,DGO,CNTDR,"Canatlán, Dgo.",15.7
-104.666667,24.033333,DGO,DRGDR,"Durango, Dgo.",10.52
-103.960833,24.001667,DGO,FVLDR,"Francisco Villa, Dgo.",27
-103.773611,25.270833,DGO,FZRDR,"Francisco Zarco, Dgo.",17.01
-105.952222,25.934444,DGO,GNCDR,"Guanaceví, Dgo.",0
-104.9225,24.803889,DGO,GUADR,"Guatimapé, Dgo.",32.72
-104.753056,23.961111,DGO,GVCDR,"Presidente Guadalupe Victoria, Dgo.",13
-103.983333,26.549722,DGO,LAFLOR,"La Flor de Jimulco, Dgo. SMN*",7.2
-104.75,23.516667,DGO,LBYDR,"Las Bayas, Dgo.",10.8
-105.015833,25.594167,DGO,LCRDR,"Lázaro Cárdenas, Dgo.",5.71
-105.466111,24.185833,DGO,LVEDR,"Las Vegas, Dgo. SMN*",4.5
-103.85,25.816667,DGO,MPMDR,"Mapimí, Dgo.",11.01
-105.0475,23.899167,DGO,NAVDR,"Navíos Viejos, Dgo.",27.5
-104.656667,24.203889,DGO,PAGDR,"Peña del Aguila, Dgo.",9.32
-106.366667,26.133333,DGO,ROSDR,"La Rosilla, Dgo.",35
-105.443056,25.225,DGO,SACDR,"Salomé Acosta, Dgo.",5.5
-104.675833,23.874444,DGO,SBYDR,"Santiago Bayacora, Dgo.",18.5
-104.054444,23.623056,DGO,SELDR,"Santa Elena, Dgo.",23
-105.560833,26.436667,DGO,SGBDR,"San Gabriel, Dgo.",15.01
-102.778056,24.630556,DGO,SJGDR,"San Juan de Guadalupe, Dgo.",3.01
-104.276944,25.085,DGO,SLCDR,"San Luis del Cordero, Dgo.",2.53
-104.2925,25.564167,DGO,SPGDR,"San Pedro del Gallo, Dgo.",2.47
-105.566667,26.084444,DGO,SRDDR,"Sardinas, Dgo.",8.02
-102.785,24.563056,DGO,TGRDR,"El Tigre, Dgo.",8
-103.441667,26.1125,DGO,THODR,"Tlahualilo, Dgo.",2.22
-105.725,25.341111,DGO,TLHDR,"Observatorio de Tepehuanes, Dgo.",16.8
-106.975,24.933333,DGO,TMZDR,"Tamazula, Dgo.",0.31
-103.979722,23.737778,DGO,VGCDR,"Vicente Guerrero, Dgo.",17.01
-104.928889,26.2425,DGO,VHGDR,"Villa Hidalgo, Dgo.",22.5
-105.506111,26.447778,DGO,VOCDR,"Villa Ocampo, Dgo.",15.01
-99.906667,16.849722,GRO,ACAGR,"Acapulco, Gro.",93.8
-99.516944,17.576389,GRO,AERGR,"Observatorio de Chilpancingo Aeropuerto, Gro.",35.4
-100.5175,18.075833,GRO,AFIGR,"Andrés Figueroa, Gro.",26
-98.975278,17.719722,GRO,AHUGR,"Ahuacuotzingo, Gro.",98.3
-99.104722,18.106944,GRO,ATENANGOCFE,"Atenango del Río, Gro. CFE*",61.5
-100.433333,17.210278,GRO,ATYGR,"Atoyac, Gro.",36.1
-99.1,16.949444,GRO,AYUGR,"Ayutla, Gro.",136.2
-99.400833,18.459444,GRO,BVSGR,"Buena Vista, Gro.",90
-100.664444,18.359444,GRO,CALGR,"Ciudad Altamirano, Gro.",76.3
-99.701111,17.672222,GRO,CCHGR,"Chichihualco, Gro.",70
-99.5,17.545278,GRO,CHIGR,"Chilpancingo, Gro.",20.2
-99.5,17.55,GRO,CHILPANCINGOob,"Observatorio de Chilpancingo, Gro. SMN*",3
-99.175833,17.608611,GRO,CHLGR,"Chilapa, Gro.",46.4
-98.411944,16.47,GRO,CNLGR,"Cuajinicuilapa, Gro.",31.7
-99.661944,18.245278,GRO,COCGR,"Cocula, Gro.",61.5
-101.054444,17.376944,GRO,CYQGR,"Coyuquilla, Gro.",78
-99.995556,17.947778,GRO,ECAGR,"Ing. Carlos Ramírez Ulloa, Gro.",76.21
-99.589722,17.157778,GRO,ELPUENTECFE,"El Puente, Gro. CFE*",100.6
-99.516667,17.233333,GRO,EOCGR,"El Ocotito, Gro.",90
-99.332778,18.3025,GRO,HTZGR,"Huitzuco, Gro.",67.7
-99.55,18.349722,GRO,IGLGR,"Iguala, Gro.",74.1
-98.513333,17.6225,GRO,IXTGR,"Ixcateopan de Tlapa, Gro.",91.5
-99.562778,17.117222,GRO,LAVENTCFE,"La Venta, Qro. CFE*",55.7
-101.003056,18.418611,GRO,LCLGR,"La Calera, Gro.",11
-100.018056,16.958333,GRO,LDCGR,"Laguna de Coyuca, Gro.",75.4
-99.235,16.76,GRO,LDGGR,"Las Vigas, Gro.",11
-99.369167,17.471111,GRO,MCHGR,"Mochitlán, Gro.",45.1
-99.799722,16.8,GRO,ODAGR,"Observatorio de Acapulco, Gro.",67.6
-99.5,17.6,GRO,ODZGR,"Observatorio de Zumpango, Gro.",53.7
-98.735,17.777222,GRO,OLNGR,"Olinalá, Gro.",89
-98.433333,16.683333,GRO,OMEGR,"Ometepec, Gro.",197
-98.888333,18.020833,GRO,PAPALUTLACFE,"Papalutla, Gro. CFE*",16.7
-99.45,17.483333,GRO,PETGR,"Petaquillas, Gro.",19.5
-98.500556,16.655833,GRO,QTZGR,"Quetzala, Gro.",145.9
-99.166111,16.823611,GRO,RMEGR,"Revolución Mexicana, Gro.",41
-100.478611,18.171944,GRO,SCRISTOBALCFE,"San Cristóbal, Gro. CFE*",42.8
-100.472778,17.139444,GRO,SJEGR,"San Jerónimo, Gro.",75.6
-99.516944,17.920833,GRO,SJTETELCINGOCFE,"San Juan Tetelcingo, Gro. CFE*",119.12
-99.605278,18.554444,GRO,TAXGR,"Taxco, Gro.",136.3
-99.526389,17.1675,GRO,TCOGR,"Tierra Colorada, Gro.",29.3
-99.976389,17.789722,GRO,TLAGR,"Tlacotepec, Gro.",68.8
-98.6,17.5,GRO,TLPGR,"Tlapa, Gro.",44.9
-99.399444,17.568056,GRO,TXTGR,"Tixtla, Gro.",61.5
-100.265833,18.382778,GRO,VGRGR,"Vicente Guerrero, Gro.",94
-99.466111,18.295833,GRO,VTRGR,"Valerio Trujano, Gro.",56.5
-98.488333,17.903889,GRO,XXHGR,"Xochihuehuetlán, Gro.",130.5
-99.933333,17.603333,GRO,YXTGR,"Yextla, Gro.",73.5
-101.548889,17.645278,GRO,ZHTGR,"Zihuatanejo, Gro.",8.9
-101.536667,20.446944,GTO,ABSGJ,"Abasolo, Gto.",10.52
-100.712222,20.0325,GTO,ACNGJ,"Acámbaro, Gto.",66.05
-100.683333,20.533333,GTO,AEGGJ,"Apaseo el Grande, Gto.",70.6
-100.5825,20.553889,GTO,AMCGJ,"Ameche, Gto.",101.91
-101.370833,20.712778,GTO,ANSGJ,"Arandas, Gto.",14.53
-100.620833,20.454167,GTO,APSGJ,"Apaseo el Alto, Gto.",115.52
-101.625556,20.499167,GTO,ATBGJ,"Agua Tibia, Gto.",23.02
-100.816667,20.833333,GTO,BEGGJ,"La Begoña hidrométrica, Gto.",93
-101.838333,21.048611,GTO,BRRGJ,"El Barrial, Gto.",49.82
-100.816667,20.536389,GTO,CLYGJ,"Celaya, Gto.",65.7
-101.474722,21.068056,GTO,COMGJ,"Comanjilla, Gto.",225
-100.363333,20.198333,GTO,CORGJ,"Coroneo, Gto.",95.3
-101.666667,20.616667,GTO,CRMGJ,"Cuerámaro, Gto.",65.64
-100.962778,20.487778,GTO,CRTGJ,"Cortázar, Gto.",43
-100.9,20.95,GTO,CSRGJ,"Cinco Señores, Gto.",80.03
-101.666667,21.191667,GTO,CSSGJ,"Los Castillos, Gto.",80.6
-101.6675,21.195556,GTO,CSTGJ,"Los Castillos, Gto.",80.6
-101.835278,21.05,GTO,EBAGJ,"El Barrial, Gto.",49.92
-100.9,20.279722,GTO,ECBGJ,"El Cubo, Gto.",12.54
-101.244444,20.872222,GTO,ECHGJ,"El Chapín, Gto.",136.44
-101.37,20.715833,GTO,ECNGJ,"El Conejo, Gto.",21.42
-101.678889,21.173611,GTO,EPLGJ,"El Palote, Gto.",93.01
-101.996667,20.800556,GTO,FRIAS,"Frías, Gto. Protección Civil*",52.832
-101.7425,20.439167,GTO,GLNGJ,"La Golondrina, Gto.",26.32
-101.266111,21.014167,GTO,GTOGJ,"Observatorio de Guanajuato, Gto.",79.64
-100.825833,20.848056,GTO,IALGJ,"Ignacio Allende, Gto.",38.71
-101.35,20.683333,GTO,IRPGJ,"Irapuato, Gto.",25.5
-100.518333,20.145556,GTO,JCRGJ,"Jerécuaro, Gto.",36.51
-101.844167,20.675278,GTO,LADGJ,"Las Adjuntas, Gto.",53.42
-101.073056,20.286944,GTO,LDYGJ,"Laguna de Yuriria, Gto.",16.53
-101.693333,21.136389,GTO,LENGJ,"León, Gto.",71
-100.883611,20.398333,GTO,LGVGJ,"Presa la Gavia, Gto.",70
-101.358889,20.276111,GTO,LJIGJ,"Las Jícamas, Gto.",26.9
-101.107778,21.324167,GTO,LQMGJ,"La Quemada, Gto.",143
-100.501944,21.223611,GTO,MINERALPOZOS,"Mineral de Pozos, Gto. Protección Civil*",39.21
-101.48,21.65,GTO,OCMGJ,"Ocampo, Gto.",175
-101.111389,20.5225,GTO,PERGJ,"Pericos, Gto.",47.43
-100.878333,21.105,GTO,PNLGJ,"Peñuelitas, Gto.",41.8
-101.287778,20.867222,GTO,PRSGJ,"La Purísima, Gto.",82.91
-101.216667,21.483333,GTO,SFEGJ,"San Felipe, Gto.",61.7
-99.831389,21.320833,GTO,SGORDAII,"Sierra Gorda 2, Gto. SMN*",51.8
-101.016667,20.4,GTO,SJLGJ,"Santa Julia, Gto.",55.2
-100.666667,20.05,GTO,SL2GJ,"Solis, Gto.",51.05
-101.199444,20.565833,GTO,SLMGJ,"Salamanca, Gto.",81.83
-100.669722,20.055278,GTO,SLSGJ,"Solís, Gto.",56.28
-100.885833,20.216667,GTO,SLVGJ,"Salvatierra, Gto.",8.82
-100.751944,20.8975,GTO,SMAGJ,"San Miguel de Allende, Gto.",94.71
-100.745833,20.577778,GTO,SMOGJ,"San Miguel Octopan, Gto.",104.8
-101.066944,20.298333,GTO,SRTGJ,"Santa Rita, Gto.",62.62
-101.3,20.6,GTO,TEMGJ,"Temascatío, Gto.",36.01
-101.178889,20.382778,GTO,VDSGJ,"Valle de Santiago, Gto.",20
-100.0925,21.298889,GTO,XICGJ,"Xichú, Gto.",63.42
-98.348056,21.019444,HGO,ATCHD,"Atlapexco, Hgo.",117
-98.716111,20.185556,HGO,ELCHICO,"El Chico, Hgo. SMN*",153.2
-99.36,20.163889,HGO,ENDHD,"Endhó, Hgo.",247.5
-98.076111,20.46,HGO,HHTHD,"Huehuetla, Hgo.",111.5
-98.416667,21.15,HGO,HJTHD,"Huejutla, Hgo.",96
-99.220833,20.481944,HGO,IXMHD,"Ixmiquilpan, Hgo.",73.5
-98.128333,20.135833,HGO,LAGUNA,"La Laguna, Hgo. FENIX*",152.9
-98.128333,20.135556,HGO,LLAHD,"La Laguna, Hgo.",96
-98.757222,20.591667,HGO,LMTHD,"Metztitlán, Hgo.",17.35
-99.218611,20.2375,HGO,MXQHD,"Mixquiahuala, Hgo.",72
-98.6,21.166667,HGO,ORZHD,"San Felipe Orizatlán, Hgo.",201.11
-98.7475,20.123333,HGO,PCOHD,"Observatorio de Pachuca, Hgo.",156.3
-99.329444,20.359722,HGO,PRGHD,"Javier Rojo Gómez, Hgo.",151.01
-99.310833,19.963056,HGO,PRQHD,"Requena, Hgo.",41.01
-99.375833,20.435556,HGO,PVAHD,"Vicente Aguirre, Hgo.",120.01
-99.308333,20.573611,HGO,TAXQUILLOCFE,"Taxquillo, Hgo. CFE*",68.59
-98.369444,20.083333,HGO,TLGHD,"Observatorio de Tulancingo, Hgo.",86.91
-99.348333,20.056944,HGO,TLRHD,"Tula Las Rosas, Hgo.",108.02
-99.501111,20.663333,HGO,ZMPHD,"Ing. Fernando Hiriart Balderrama, Hgo.",56.8
-98.647222,20.652778,HGO,ZXTHD,"Zacualtipán, Hgo.",42
-103.133333,20.316667,JAL,ACHAPALAGDL,"Acueducto Chapala Guadalajara, Jal. SGT*",14.6
-103.225278,22.327222,JAL,ACHZC,"Achimec, Jal.",22.71
-102.436944,21.599444,JAL,AJJJL,"Ajojucar, Jal.",16
-103.091944,20.397222,JAL,ATQJL,"Atequiza, Jal.",25.91
-104.061111,19.913611,JAL,BBAJL,"Basilio Vadillo, Jal.",14
-103.724444,22.406111,JAL,BCSJL,"Bocas, Jal.",3.3
-103.782778,21.831667,JAL,BLNJL,"Bolaños, Jal.",0
-103.465278,19.697778,JAL,CGZJL,"Observatorio de Ciudad Guzmán, Jal.",45.8
-103.201944,20.290556,JAL,CHAJL,"Chapala 1, Jal. SMN*",29.47
-104.555278,19.627778,JAL,CHFJL,"El Chiflón, Jal.",26.23
-102.774167,19.287778,JAL,CHLMC,"Constitución de Apatzingán, Jal.",30.3
-104.566667,19.233333,JAL,CIHJL,"Cihuatlán, Jal.",31
-103.25,22.133333,JAL,CLTJL,"Observatorio de Colotlán, Jal.",18.91
-105.129722,19.9975,JAL,CPEJL,"Cajón de Peña, Jal.",23
-101.7375,21.497778,JAL,CRTJL,"El Cuarenta, Jal.",50.82
-105.218333,20.593333,JAL,CULJL,"Cuale, Jal.",23.51
-102.976111,20.681389,JAL,EGCJL,"Ing. Elías González Chávez, Jal.",49.41
-103.335,20.723333,JAL,EXPJL,"La Experiencia, Jal.",38.63
-103.354444,20.680556,JAL,GUAJL,"Guadalajara Centro, Jal.",44
-103.392778,20.706667,JAL,GUCJL,"Observatorio de Guadalajara, Jal.",40.02
-105.184444,19.653889,JAL,HIGJL,"Higuera Blanca 2, Jal.",26.7
-103.651111,20.466944,JAL,HRTJL,"Hurtado, Jal.",0
-102.25,20.483333,JAL,HUAJL,"Huascato, Jal.",79.83
-102.705833,20.293889,JAL,JMYJL,"Jamay, Jal.",40.91
-102.558333,20.275556,JAL,LABARCA,"La Barca, Jal. SGT*",59.4
-105.206667,20.728611,JAL,LDBJL,"La Desembocada, Jal.",24
-103.201667,20.290556,JAL,LDCJL,"Lago de Chapala, Jal.",28.11
-101.919722,21.359722,JAL,LDMJL,"Lagos de Moreno, Jal.",58.01
-103.590833,19.592222,JAL,NEVADOCOLIMA,"Nevado de Colima, Jal. SMN*",39
-101.916667,21.366667,JAL,OLMJL,"Observatorio de Lagos de Moreno, Jal.",87.7
-103.361667,20.583889,JAL,PITJL,"PIAE Toluquilla, Jal.",48.1
-104.105833,21.196944,JAL,PLYJL,"Ing. Alfredo Elías Ayub, Jal.",0
-102.231944,20.491111,JAL,POLJL,"Ing. Guillermo Lugo Sanabria, Jal.",60.3
-103.37,19.5625,JAL,QUTJL,"Quito, Jal.",29.31
-104.05,20.55,JAL,RAMJL,"Río Ameca, Jal.",9.7
-105.133611,19.998611,JAL,RIOTOMATLAN,"Río Tomatlán, Jal. SMN*",1.77
-104.59,20.252222,JAL,RODJL,"El Rodeo, Jal.",8.55
-101.835556,21.359167,JAL,SA1JL,"La Sauceda, Jal.",102.4
-101.85,21.35,JAL,SAUJL,"La Sauceda, Jal.",104.1
-103.9175,19.463611,JAL,SMANANTLANI,"Sierra Manatlán 1, Jal. SMN*",23.8
-103.705556,20.908889,JAL,SRSJL,"Manuel M. Diéguez, Jal.",0.01
-102.583333,21.45,JAL,TCAJL,"Teocaltiche, Jal.",13.02
-104.320278,20.036111,JAL,TCTJL,"Tacotán, Jal.",0
-103.198611,22.171944,JAL,TENJL,"Tenasco, Jal.",4.02
-103.316667,20.583333,JAL,TLAJL,"Tlaquepaque, Jal.",16.42
-103.419444,20.4425,JAL,TLAJOMULCO,"Tlajomulco, Jal. SMN*",12.8
-104.370278,19.976111,JAL,TMLJL,"Ramón Corona Madrigal General, Jal.",2.5
-103.396667,18.967222,JAL,TRJCM,"Solidaridad, Jal.",3
-102.433056,20.7425,JAL,TULJL,"El Tule, Jal.",56
-103.845833,20.596389,JAL,VEGJL,"Ing. Santiago Camarena, Jal.",0.9
-98.655278,19.118611,MEX,ALTZOMONI,"Altzomoni, Méx SMN*",144
-98.912222,19.543611,MEX,ATEMX,"Atenco, Méx.",86.28
-99.866667,19.783333,MEX,ATPMX,"Atlacomulco Prepa., Méx.",158.4
-99.184722,19.580833,MEX,BARRIENTOS,"Planta de bombeo Barrientos, Méx. SEGIAGUA*",100.5
-100.436389,18.781111,MEX,BEJMX,"Bejucos, Méx.",65.3
-99.52,19.566389,MEX,CCAMX,"Cerro Catedral, Méx. SMN*",153.41
-99.298611,19.406667,MEX,CDBMX,"Caída del Borracho, Méx.",52
-99.511667,19.205,MEX,CGCMX,"Gerencia Conagua CODAGEM, Méx.",78.42
-98.885,19.485833,MEX,CHAPINGODF,"Chapingo, Méx. SEGIAGUA*",33.25
-99.041667,19.593889,MEX,CHICONAUTLAI,"Chiconautla 1, Méx. SEGIAGUA*",123.75
-99.108333,19.515556,MEX,CHICONAUTLAII,"Chiconautla 2, Méx. SEGIAGUA*",107.75
-100.152778,19.350556,MEX,CHIMX,"Chilesdo, Méx.",131.81
-98.884722,19.483333,MEX,CHPMX,"Chapingo, Méx.",115.5
-99.304444,19.695,MEX,CNPMX,"La Concepción, Méx.",87.6
-99.714167,19.291111,MEX,COBMX,"Observatorio de Toluca, Méx.",54.04
-100.225,19.178889,MEX,COLMX,"Colorines, Méx.",92
-99.559722,19.884722,MEX,DNXMX,"Danxho, Méx.",82.52
-99.238333,19.453611,MEX,EMOMX,"El Molinito Río Hondo, Méx.",85.52
-99.252222,19.635556,MEX,GDLMX,"Guadalupe, Méx.",85
-98.917222,19.578889,MEX,GRDMX,"La Grande, Méx.",102.13
-99.696944,20.046389,MEX,HPNMX,"Huapango, Méx.",71.34
-99.769444,19.5675,MEX,IXCMX,"Ixtlahuaca, Méx.",54.9
-99.05,19.633333,MEX,K27MX,"km 27+250, Méx.",145.94
-100.075833,19.383333,MEX,LBEMX,"Los Berros, Méx.",129.3
-99.250833,19.633333,MEX,LDEGUADALUPE,"Lago de Guadalupe, Méx. SGT*",4.25
-99.220833,19.477778,MEX,MBLMX,"Molino Blanco, Méx.",111.03
-99.420833,18.990833,MEX,OCUMX,"Ocuilán de Arteaga, Méx",230.54
-99.234722,19.475833,MEX,PBRIOHONDO,"P.B. Río Hondo, Méx. SEGIAGUA*",81
-99.184722,19.580833,MEX,PBTMX,"Planta de bombeo Barrientos, Méx.",94.43
-99.025,19.65,MEX,PCCMX,"Planta Chiconautla 2, Méx.",106.4
-99.010278,19.636944,MEX,PCTMX,"Planta Chiconautla 1, Méx.",130.41
-99.728333,18.928333,MEX,PDZMX,"Porfirio Díaz, Méx.",105.5
-99.790278,19.829167,MEX,PFBMX,"Francisco José Trinidad Fabela, Méx.",77
-99.775,19.461667,MEX,PIRMX,"Ignacio Ramírez, Méx.",172.41
-99.248889,19.429444,MEX,PLMMX,"Palmas, Méx.",45.97
-99.260833,19.526944,MEX,PMDMX,"Madín, Méx.",92
-99.739722,20.124167,MEX,PMNMX,"El Molino, Méx.",58.34
-98.940278,19.851389,MEX,PMTMX,"Manantial, Méx.",133
-99.864444,20.038611,MEX,PNDMX,"Ñadó, Méx.",84
-99.0425,19.616111,MEX,POZOGRANCANAL,"Pozo Gran Canal, Méx. SEGIAGUA*",133.5
-99.293611,19.4575,MEX,PRESATOTOLICA,"Presa Totolica, Méx. SEGIAGUA*",46
-99.283333,19.453611,MEX,PTLMX,"Presa Totolica, Méx.",70.3
-98.911111,19.530556,MEX,SADMX,"San Andrés, Méx.",88.02
-99.704722,19.465833,MEX,SBBMX,"José Antonio Alzate, Méx.",52
-98.870833,19.190278,MEX,SLAMX,"San Luis Ameca, Méx.",110.01
-98.873333,19.284722,MEX,SLCHALCO,"San Luis Chalco, Méx. SGT*",65.5
-99.8,19.633333,MEX,SMLMX,"Santa María del Llano, Méx.",110.9
-99.285,19.574444,MEX,SNJMX,"San Juan, Méx",84.4
-98.858611,19.644722,MEX,SNLMX,"San Lucas, Méx.",89.8
-99.799167,19.343056,MEX,TBRMX,"Tres Barrancas, Méx.",111.51
-99.905278,19.856944,MEX,TJCMX,"El Tejocote, Méx.",147.5
-100.054722,19.0475,MEX,TMSMX,"Temascaltepec, Méx.",131.5
-99.283333,19.453889,MEX,TOTMX,"Totolica, Méx",63.5
-99.961389,19.660833,MEX,TPTMX,"San Andrés Tepetitlán, Méx.",80.01
-99.6125,19.429167,MEX,TROMX,"Trojes, Méx.",74.25
-99.283056,19.4525,MEX,TTLMX,"Totolica hidrométrica, Méx.",55.9
-99.123889,19.904722,MEX,TTQMX,"Tajo de Tequixquiac, Méx",101.06
-99.385278,19.834722,MEX,TXMHD,"Taxhimay, Méx.",93.03
-100.18,19.2075,MEX,VBRMX,"Valle de Bravo, Méx.",72.4
-99.211667,19.510278,MEX,VDCDF,"Vaso de Cristo, Méx.",129.75
-99.49,19.286944,MEX,VILLACARMELA,"Villa Carmela, Méx. SEGIAGUA*",0
-99.334167,19.382222,MEX,VNDMX,"El Venado, Méx.",98.72
-100.055556,19.461667,MEX,VVCMX,"Villa Victoria, Méx.",66.93
-101.99,20.231389,MICH,ADUMC,"Adjuntas, Mich.",0
-100.608889,19.579722,MICH,AGOMC,"Agostitlán, Mich.",122.11
-101.661111,19.926111,MICH,AMEMC,"Aristeo Mercado, Mich.",5.2
-102.371111,19.083056,MICH,APTMC,"Apatzingán, Mich.",17.71
-102.419167,20.183889,MICH,BIBMC,"Barraje de Ibarra, Mich.",79
-101.461389,20.324167,MICH,CBLMC,"Casa Blanca, Mich.",71.34
-102.265278,19.973611,MICH,CHAMC,"Chaparaco, Mich.",102.41
-100.55,19.7,MICH,CHIMC,"Ciudad Hidalgo, Mich.",108.71
-100.9,18.5,MICH,CMNMC,"Caimanera, Mich.",77.4
-101.259167,19.629722,MICH,COIMC,"Cointzio, Mich.",44.61
-101.861667,20.207222,MICH,CORMC,"Corrales, Mich.",36.02
-100.421111,19.387778,MICH,DBOMC,"El Bosque, Mich.",139.8
-102.436944,20.304444,MICH,DGNMC,"De Gonzalo, Mich.",2.5
-100.45,19.966667,MICH,EGIMC,"El Gigante, Mich.",70.6
-102.541389,19.979167,MICH,GUAMC,"Guaracha, Mich.",58.2
-101.883333,18.266667,MICH,INFMC,"Infiernillo, Mich.",13.2
-102.601944,19.958333,MICH,JARMC,"Jaripo, Mich.",57.2
-101.626667,20.248889,MICH,LANMC,"Los Angeles, Mich.",9.8
-100.406389,19.838056,MICH,LDFMC,"Laguna del Fresno, Mich.",77.1
-102.865556,19.210833,MICH,LOLMC,"Los Olivos, Mich.",28
-102.004444,20.354444,MICH,LPDMC,"La Piedad, Mich.",2.14
-102.133333,18.848611,MICH,LPNMC,"Los Panches, Mich.",3.9
-102.2,18.8,MICH,LPSMC,"La Pastoría, Mich.",8.2
-101.1,19.7,MICH,MCEMC,"Morelia Centro, Mich.",65.71
-102.205833,18.023056,MICH,MLCMC,"Melchor Ocampo L.C., Mich.",2
-100.873611,19.829167,MICH,MLPMC,"Malpaís, Mich.",22.32
-101.2,19.7,MICH,MNOMC,"Morelia Norte, Mich.",84.71
-101.724444,20.127222,MICH,MOCMC,"Melchor Ocampo, Mich.",30.03
-101.176111,19.688611,MICH,MORMC,"Observatorio de Morelia, Mich.",43.8
-100.439167,19.890833,MICH,MRVMC,"Maravatío, Mich.",120.52
-102.325,19.964167,MICH,ORAMC,"Orandino, Mich.",26.91
-101.044167,19.826944,MICH,PDBMC,"Planta de bombeo, Mich.",65.52
-101.102778,18.538889,MICH,PINZANESCFE,"Pinzanes, Mich. CFE*",16.3
-102.716667,20.066667,MICH,SAHMC,"Sahuayo, Mich.",37
-102.464722,20.208333,MICH,SCRMC,"San Cristóbal, Mich.",66.5
-102.651389,19.839444,MICH,SJUMC,"San Juanico, Mich.",32
-102.4,20.1,MICH,SSIMC,"San Simón, Mich.",40.5
-100.229167,20.000278,MICH,TEPMC,"Tepuxtepec, Mich.",55.3
-100.299167,19.766389,MICH,TMUMC,"Tercer Mundo, Mich.",26.5
-102.137778,19.962222,MICH,UREMC,"Urepetiro, Mich.",46
-102.180278,18.048333,MICH,VILMC,"José María Morelos y Pavón, Mich.",8.5
-102.242222,20.339444,MICH,YURMC,"Yurécuaro, Mich.",57.72
-102.284167,20.006667,MICH,ZAMMC,"Observatorio de Zamora, Mich.",81
-101.795,19.805278,MICH,ZCAMC,"Zacapu, Mich.",51.2
-101.931944,18.921111,MICH,ZICMC,"Zicuirán, Mich.",15.61
-100.828611,19.860278,MICH,ZINMC,"Zinapécuaro, Mich.",108.76
-98.829167,18.947222,MOR,ACHMR,"Achichipico, Mor.",165.7
-99.258056,18.734722,MOR,ALUMR,"Alpuyeca, Mor.",98.41
-99.376944,18.596111,MOR,AMCMR,"Amacuzac, Mor.",140.9
-99.463611,18.68,MOR,APAMR,"Apacingo, Mor.",174.93
-98.928056,18.948889,MOR,ATLMR,"Atlatlahucan, Mor.",212.8
-98.955278,18.850556,MOR,CASMR,"Casasano, Mor.",234.6
-98.714444,18.583056,MOR,CAYMR,"Cayehuacan, Mor.",98.92
-98.948889,18.808611,MOR,CUAMR,"Cuautla, Mor.",146.7
-99.2,18.9,MOR,CUEMR,"Cuernavaca, Mor.",171.61
-99.375556,18.701667,MOR,CUTMR,"Cuautlita, Mor.",223.4
-98.786667,18.690556,MOR,ELPMR,"El Peñón, Mor.",151.5
-98.967222,18.881944,MOR,ETAMR,"E.T.A. 118, Mor.",185.81
-99.180278,18.573889,MOR,HIGMR,"Higuerón, Mor.",142.1
-99.424167,18.608333,MOR,HUAMR,"Huajintlán, Mor.",255.5
-98.75,18.883333,MOR,HUEMR,"Hueyapan, Mor.",174.91
-99.265,19.028889,MOR,HUIMR,"Huitzilac, Mor.",175.91
-99.025,18.441389,MOR,HUTMR,"Huautla, Mor.",176.71
-98.781667,18.936667,MOR,HUXMR,"Huecahuaxco, Mor.",172.7
-99.158611,18.883611,MOR,IMTMR,"Instituto Mexicano de Tecnología del Agua, Mor. SMN*",123.97
-98.8,18.7,MOR,JNCMR,"Jonacatepec, Mor.",169.7
-99.2,18.6,MOR,JOJMR,"Jojutla, Mor.",155
-98.914444,18.683611,MOR,LCUMR,"La Cuera, Mor.",132.81
-99.4,18.7,MOR,MIAMR,"Miacatlán, Mor.",173.5
-99.004722,18.727222,MOR,MYOMR,"Moyotepec, Mor.",165.02
-99.031389,18.923333,MOR,OACMR,"Oacalco, Mor.",172
-98.901389,18.900556,MOR,OAXMR,"Oaxtepec, Mor.",151
-99.219167,18.908889,MOR,OBSMR,"Observatorio de Cuernavaca, Mor.",127.91
-98.758611,18.8825,MOR,OCTMR,"Ocuituco, Mor.",203
-99.433333,18.8675,MOR,PAPMR,"Palpan, Mor.",184.6
-99.322778,18.633333,MOR,PIXMR,"Puente de Ixtla, Mor.",158
-99.156944,18.771111,MOR,PROMR,"Progreso, Mor.",161.8
-99.331389,18.765278,MOR,RODMR,"El Rodeo, Mor.",7.2
-99.190556,18.918333,MOR,SLDMR,"Solidaridad, Mor.",244.7
-98.83,18.638333,MOR,TEBMR,"Tepalcingo Bachillerato, Mor.",245
-99.223611,18.856944,MOR,TEMMR,"Temixco, Mor.",177.63
-99.078889,18.950833,MOR,TEPOZTLAN,"Tepoztlán, Mor. SMN*",153.85
-98.710278,18.876389,MOR,TETMR,"Tetela del Volcán, Mor.",109.9
-99.306111,18.487778,MOR,TILMR,"Tilzapotla, Mor.",84.2
-98.943611,19.038056,MOR,TLCMR,"Tlacualera, Mor.",216.03
-98.75,18.813333,MOR,TLOMR,"Tlacotepec, Mor.",198.32
-99.241667,19.054167,MOR,TMAMR,"Tres Marías, Mor.",323.52
-99.1,18.691667,MOR,TMPMR,"Temilpa, Mor.",139.21
-98.92,18.9875,MOR,TOTMR,"Totolapan, Mor.",150.6
-98.843611,18.596389,MOR,TPLMR,"Tepalcingo, Mor.",168
-99.072778,18.971389,MOR,TPZMR,"Tepoztlán, Mor.",130
-99.250278,18.611111,MOR,TQGMR,"Tequesquitengo, Mor.",128.02
-99.190278,18.528889,MOR,XICMR,"Xicatlacotla, Mor.",107.9
-99.25,18.683333,MOR,XXOMR,"Xoxocotla, Mor.",147.5
-99.050556,18.899167,MOR,YAHMR,"Yautepec, Mor.",118.12
-98.858333,18.891667,MOR,YEEMR,"Yecapixtla ETA 118, Mor.",206.21
-99.196667,18.651389,MOR,ZCTMR,"Zacatepec, Mor.",135
-105.354167,22.49,NAY,ACANR,"Acaponeta, Nay.",0.01
-104.802222,21.839167,NAY,AGMNR,"Aguamilpa Solidaridad, Nay.",26
-104.5,21.944167,NAY,CHPNR,"Chapalagana, Nay.",31
-104.450833,21.428333,NAY,CJNNR,"Leonardo Rodríguez Alcaine, Nay.",0
-106.536944,21.629722,NAY,ISLASMARIASmar,"Islas Marías, Nay. SEMAR*",0.254
-104.516944,22.250833,NAY,JMANR,"Jesús María, Nay.",0.5
-105.341667,22.558333,NAY,LESNR,"La Estancia, Nay.",0.02
-105.020833,22.377778,NAY,PAJNR,"Pajaritos, Nay.",80.1
-105.211667,22.119722,NAY,ROMNR,"Rosamorada, Nay.",5.81
-104.8875,21.780833,NAY,RSRNR,"San Rafael, Nay.",25.4
-105.285556,21.531389,NAY,SANBLASmar,"San Blas, Nay. SEMAR*",0
-104.891944,21.489444,NAY,TEPNR,"Observatorio de Tepic, Nay.",31.6
-99.195833,26.023611,NL,ALDNL,"Los Aldamas, N.L.",18.5
-99.816667,24.1,NL,ARRNL,"Aramberri, N.L.",25.52
-99.911667,24.321944,NL,ASCNL,"La Ascensión, N.L.",87.5
-99.743889,24.99,NL,CABNL,"Cabezones, N.L.",113.32
-99.578889,24.871944,NL,CAMNL,"Camacho, N.L.",113.92
-99.276944,25.711667,NL,CCHNL,"Cuchillo Solidaridad, N.L.",48
-99.975,25.590278,NL,CDRNL,"Cadereyta, N.L.",161.63
-99.399722,24.9375,NL,CPRNL,"José López Portillo, N.L.",277.02
-99.6975,24.783611,NL,CRUNL,"Crucitas, N.L.",134.8
-99.614167,26.091389,NL,CRVNL,"Cerralvo, N.L.",54.92
-100.198056,25.5175,NL,ECSNL,"El Cerrito, N.L.",87
-99.743889,24.99,NL,ELCARMENNL,"El Carmen, N.L. SGT*",190.9
-100.308333,25.576944,NL,ELDIENTE,"El Diente, N. L. SMN*",19.6
-100.083333,24.833333,NL,GALNL,"Galeana, N.L.",27.67
-100.128056,25.428056,NL,LBCNL,"Rodrigo Gómez, N.L.",108.9
-99.527222,25.497222,NL,LERNL,"Las Enramadas, N.L.",93.07
-99.833333,25.174167,NL,MTMNL,"Montemorelos, N.L.",96.52
-100.271667,25.682222,NL,MTRNL,"Monterrey, N.L.",106.52
-100.118056,23.4225,NL,MYNNL,"Mier y Noriega, N.L.",107.32
-100.304722,25.733611,NL,OBSNL,"Observatorio de Monterrey, N.L.",107.22
-99.777778,23.981389,NL,ZRGNL,"Zaragoza, N.L.",29
-97.720556,17.533611,OAX,AMTOX,"San Antonino Monte Verde, Oax.",260
-95.700556,16.010833,OAX,ASTOX,"Astata, Oax.",38.91
-96.53,17.43,OAX,ATEOX,"Atepec, Oax.",55
-96.1,17.016667,OAX,AYUOX,"Ayutla, Oax.",96.2
-95.929167,16.647222,OAX,BOQOX,"Boquilla 1, Oax.",11.81
-98.278333,17.532778,OAX,CALOX,"Calihualá, Oax.",133.9
-96.263611,17.999167,OAX,CDOOX,"Miguel de la Madrid Hurtado, Oax.",176.9
-94.816667,16.583333,OAX,CHIOX,"Chicapa, Oax.",59.45
-97.023056,17.459167,OAX,CMTOX,"Santiago Camotlán, Oax.",235.14
-96.721944,15.812222,OAX,COZOX,"San Francisco Cozoaltepec, Oax.",108.1
-96.658333,18.492778,OAX,CSPOX,"Cosolapa, Oax.",197.84
-96.388889,18.1525,OAX,DPSOX,"Dique Pescaditos, Oax.",226.41
-97.819167,17.746389,OAX,FOYOX,"San Francisco Yosocuta, Oax.",121.94
-97.776111,17.806667,OAX,HDLOX,"Huajuapan de León, Oax.",253.01
-97.776111,17.806667,OAX,HLOOX,"Observatorio de Huajuapan de León, Oax.",234.51
-95.869722,17.024722,OAX,HUYOX,"Huayapam, Oax.",5
-95.053889,16.503611,OAX,IXTALTEPEC,"Ixtaltepec, Oax. SGT*",2.4
-95.1,16.583333,OAX,IXTOX,"Ixtepec, Oax.",55.31
-96.2,17.866667,OAX,JACOX,"Jacatepec, Oax.",340.4
-95.397778,16.445556,OAX,JDMOX,"Presidente Benito Juárez, Oax.",30
-95.033333,16.433333,OAX,JUCOX,"Juchitan, Oax.",44.21
-95.2,16.6,OAX,KM1OX,"km 33+190, Oax.",57
-95.716667,16.416667,OAX,KM2OX,"km 51+740, Oax.",25
-95.3,16.4,OAX,LPIOX,"Las Pilas, Oax.",43
-95.483333,17.45,OAX,MAROX,"María Lombardo, Oax.",95.92
-96.733333,17.066667,OAX,OACOX,"Oaxaca Centro, Oax.",92.54
-96.7,17.001389,OAX,OAOOX,"Observatorio de Aeropuerto Oaxaca, Oax.",174.92
-94.4,16.5,OAX,OSTOX,"Ostuta, Oax.",70.24
-96.083333,18.166667,OAX,PAPOX,"Papaloapan, Oax.",64.51
-96.716667,17.072778,OAX,PIAOX,"Organismo de Cuenca Pacífico Sur PIAE, Oax.",92.55
-96.483333,15.666667,OAX,PTAOX,"Observatorio de Puerto Angel, Oax.",43.4
-95.481389,16.585278,OAX,RHOOX,"Río Hondo, Oax.",48.3
-95.916667,17.733333,OAX,RMLOX,"Río Manso Lalana, Oax.",218.3
-97.725,16.102778,OAX,RVEOX,"Río Verde, Oax.",7.5
-96.55,17.266667,OAX,SCIOX,"Ixtepeji, Oax.",104.5
-95.2,16.183333,OAX,SCROX,"Observatorio de Salina Cruz, Oax.",107.71
-96.533333,17.883333,OAX,SFUOX,"San Felipe Usila, Oax.",377
-98.282222,17.846111,OAX,SJCOX,"San Juan Cieneguillas, Oax.",174.6
-98.1425,17.501389,OAX,SLAOX,"Silacayoápam, Oax.",105.95
-97.680278,18.188611,OAX,SNCOX,"Santiago Chazumba, Oax.",139.02
-97.653333,18.250833,OAX,SSFOX,"San Sebastian Frontera, Oax.",83.9
-96.55,18.05,OAX,STDOX,"Santo Domingo, Oax.",66.88
-97.536667,17.726111,OAX,STTOX,"Santiago Teotongo, Oax.",218
-95.2,16.3,OAX,TEHOX,"Tehuantepec, Oax.",39
-96.412222,18.232222,OAX,TEMOX,"Presidente Alemán, Oax.",158.5
-97.492222,17.513333,OAX,TEPOX,"Teposcolula, Oax.",320.03
-95.6,16.416667,OAX,TEQOX,"Tequisistlán, Oax.",1.53
-97.680278,17.267222,OAX,TLXOX,"Heroica Ciudad de Tlaxiaco, Oax.",155.5
-96.544722,15.739167,OAX,TNMOX,"Tonameca, Oax.",2.33
-97.808333,17.654444,OAX,TSLOX,"Heroica Villa Tezoatlán de Segura y Luna, Oax.",158.02
-96.133333,18.083333,OAX,TUXOX,"Tuxtepec, Oax.",137.2
-96.435278,17.933056,OAX,UCFOX,"Usila CFE, Oax.",312.6
-94.833333,16.45,OAX,UHGOX,"Unión Hidalgo, Oax.",12
-96.3,17.776389,OAX,VANOX,"Valle Nacional, Oax.",449.11
-97.826111,17.724444,OAX,YOSOX,"Yosocuta, Oax.",176.61
-95.93,17.15,OAX,ZACOX,"Zacatepec, Oax.",174.43
-98.389444,17.755278,OAX,ZALOX,"Zapotitlán Lagunas, Oax.",68.3
-94.216111,16.4025,OAX,ZANOX,"Zanatepec, Oax.",129.15
-98.285,19.016667,PUE,ACAPB,"Acatepec, Pue.",17.3
-97.418056,19.45,PUE,ACHPB,"Alchichica, Pue.",100.74
-97.934167,19.0625,PUE,ACJPB,"Acajete, Pue.",173.11
-98.055,18.277222,PUE,ADOPB,"Acatlán de Osorio, Pue.",115.31
-98.135833,18.9425,PUE,AFRPB,"Africam, Pue.",176.3
-97.920833,18.854167,PUE,AHAPB,"Ahuatepec, Pue.",177
-97.845,20.406944,PUE,APAPB,"Apapantilla, Pue.",297.8
-98.420833,18.921111,PUE,ATXPB,"Atlixco, Pue.",304.6
-97.881111,20.385833,PUE,AVCPB,"Avila Camacho, Pue.",307.2
-97.503333,19.961389,PUE,BAIPB,"Buenos Aires CFE, Pue.",218.62
-98.108611,18.9125,PUE,BDDPB,"Manuel Avila Camacho, Pue.",137.02
-97.441667,18.987222,PUE,CDSPB,"Ciudad Serdán, Pue.",54
-97.958333,18.968889,PUE,CEMPB,"Cemex, Pue.",154.3
-97.360833,18.316389,PUE,CHCPB,"Chilac, Pue.",88.4
-98.579167,18.516111,PUE,CHIPB,"Chietla, Pue.",105.11
-98.318056,19.068611,PUE,CHLPB,"Cholula, Pue.",149
-98.567778,18.109722,PUE,CHSPB,"Chila de la Sal, Pue.",64.9
-98.198611,19.022778,PUE,CNAPB,"Conagua, Pue.",79.02
-98.049722,19.743333,PUE,CNGPB,"Chignahuapan, Pue.",179.4
-98.164722,18.612778,PUE,COAPB,"Coatzingo, Pue.",131.05
-98.059444,19.092778,PUE,CPLPB,"Capulac, Pue.",656
-97.516667,20.033333,PUE,CTZPB,"Cuetzalan del Progreso, Pue.",264.02
-98.275556,18.966111,PUE,ECHPB,"Echeverría, Pue.",127.5
-98.456111,19.101111,PUE,HJTPB,"Huejotzingo, Pue.",124.51
-98.540278,18.772222,PUE,HQCPB,"Huaquechula, Pue.",279
-98.050833,20.176389,PUE,HUAPB,"Huauchinango, Pue.",121.1
-98.72,18.039722,PUE,IXCAMILPACFE,"Ixcamilpa, Pue. CFE*",24.7
-97.815833,19.621667,PUE,IXTPB,"Ixtacamaxtitlán, Pue.",154.3
-98.466389,18.610833,PUE,IZMPB,"Izúcar de Matamoros, Pue.",131
-97.691111,19.457222,PUE,LIBPB,"Libres, Pue.",188.32
-98.231111,19.010556,PUE,MAYPB,"Mayorazgo 21 Poniente, Pue.",144.94
-97.850278,20.733056,PUE,MTLPB,"Metlaltoyuca, Pue.",199.1
-96.781389,18.360278,PUE,NARPB,"Naranjastitla, Pue.",118.41
-98.002222,20.001667,PUE,NECAXA,"Necaxa, Pue. FENIX*",146.4
-98.000556,20.216667,PUE,NNEPB,"Necaxa, Pue.",86.8
-97.533333,19.7,PUE,OYAPB,"Oyameles, Pue.",66.05
-97.251389,18.918056,PUE,PCRPB,"Paso Carretas, Pue.",118
-98.264722,18.2,PUE,PIXPB,"Piaxtla, Pue.",128.72
-97.883333,20.233333,PUE,PTLPB,"Patla, Pue.",105.2
-98.166667,19.05,PUE,PUOPB,"Observatorio de Puebla, Pue.",202.6
-97.616667,19.25,PUE,QUIPB,"Quimixtlán, Pue.",164.9
-97.401667,20.116111,PUE,RNAPB,"Rancho Nuevo, Pue.",100.1
-98.22,19.113056,PUE,SCRPB,"San Cristóbal Caleras, Pue.",147.23
-97.205556,20.133889,PUE,SJAPB,"San José Acateno, Pue.",85.84
-97.91,18.735,PUE,SMCPB,"San Miguel Canoa, Pue.",186.01
-98.433889,19.287222,PUE,SMTPB,"San Martín Texmelucan, Pue.",197.7
-97.446667,19.960833,PUE,SOLPB,"La Soledad, Pue.",265.81
-98.582222,19.330278,PUE,SRTPB,"Santa Rita Tlahuapan, Pue.",109.5
-97.486389,19.952778,PUE,STLPB,"Sontalalco CFE, Pue.",185.05
-97.7925,20.004444,PUE,TDRPB,"Tepango de Rodríguez, Pue.",187.5
-97.7525,18.878889,PUE,TECPB,"Tecamachalco, Pue.",145.72
-97.395556,18.479167,PUE,TEHPB,"Tehuacán, Pue.",86.2
-98.777222,18.451944,PUE,TELPB,"Teotlalco, Pue.",162.12
-97.805833,19.829444,PUE,TEOPB,"Tetela de Ocampo, Pue.",104.3
-97.9475,20.21,PUE,TEPPB,"Tepexic, Pue.",71.4
-97.430556,18.468889,PUE,TETPB,"Teopilco, Pue.",89
-97.359722,19.815278,PUE,TEZPB,"Teziutlán, Pue.",98.51
-97.876111,20.315278,PUE,TLAXCALALTON,"Tlaxcalaltongo, Pue. SGT*",200.7
-96.849722,18.405,PUE,TLPPB,"Tlacotepec de Díaz, Pue.",235
-97.491944,19.489167,PUE,TPYPB,"Tepeyahualco, Pue.",149.8
-96.861389,18.483611,PUE,TYAPB,"Tepeyac, Pue.",178.15
-98.050833,20.176389,PUE,UDSPB,"Universidad de la Sierra, Pue.",159.31
-97.675833,20.510278,PUE,VENPB,"Venustiano Carranza, Pue.",183.2
-97.956944,20.277222,PUE,XDJPB,"Xicotepec de Juárez, Pue.",197.01
-97.585,19.859722,PUE,ZCPPB,"Zacapoaxtla, Pue.",114.82
-97.011389,18.332222,PUE,ZOQPB,"Zoquitlán, Pue.",56
-97.832778,20.178611,PUE,ZRGPB,"Zaragoza, Pue.",90
-100.412222,20.504167,QRO,BATQT,"El Batán, Qro.",181
-100.435556,20.604167,QRO,CARQT,"Carrillo, Qro.",81.9
-100.080278,20.418611,QRO,CNSQT,"Constitución de 1917, Qro.",59.1
-100.453333,20.535,QRO,EPUQT,"El Pueblito, Qro.",109.5
-100.366667,20.566667,QRO,GHQQT,"Gerencia Hidalgo, Qro.",105.7
-99.9625,20.198611,QRO,IDFQT,"San Ildefonso, Qro.",223.8
-99.479722,21.230278,QRO,JLPQT,"Jalpan, Qro.",38.9
-100.45,20.7,QRO,JRQQT,"Juriquilla, Qro.",117
-100.366667,20.566667,QRO,OBSQT,"Observatorio de Querétaro, Qro.",129.5
-99.815,21.055833,QRO,PMLQT,"Peñamiller, Qro.",49.03
-100,20.3625,QRO,SJSQT,"San José, Qro.",85.3
-86.820278,21.156667,QROO,CANQR,"Cancún, Q. Roo.",19.7
-87.300556,18.755556,QROO,CHINCHORROmar,"Banco Chinchorro, Q. Roo. SEMAR*",0
-88.3275,18.500556,QROO,CHOQR,"Observatorio de Chetumal, Q. Roo.",42.5
-88.300833,18.518889,QROO,CHTQR,"Chetumal Tecnológico, Q. Roo.",34.5
-86.775833,21.074444,QROO,CNCQR,"Cancún Radar, Q. Roo. SMN*",26.55
-86.946111,20.51,QROO,COZQR,"Cozumel, Q. Roo.",0
-88.045,19.575556,QROO,FCRQR,"Observatorio de Felipe Carrillo Puerto, Q. Roo.",19
-87.372778,21.521389,QROO,HLBQR,"Isla Holbox, Q. Roo.",89
-86.735,21.235556,QROO,IMJQR,"Isla Mujeres, Q.Roo.",30.2
-88.459444,18.572222,QROO,INIQR,"Instituto Nacional de Innovación Agraria, Q. Roo.",36.5
-88.703611,19.752222,QROO,JMORELOS,"José María Morelos, Q. Roo. SMN*",27.8
-87.486111,21.101944,QROO,KANTUNILKIN,"Kantunilkín, Q. Roo. SMN*",323.2
-87.077778,20.634444,QROO,PDCQR,"Playa del Carmen, Q. Roo.",28.5
-86.807222,21.185556,QROO,PTOJUAREZmar,"Puerto Juárez, Q. Roo. SEMAR*",0.254
-107.383333,25.090278,SIN,AL2SI,"El Varejonal hidrométrica, Sin.",0
-107.388333,25.101389,SIN,ALMSI,"Adolfo López Mateos, Sin.",0
-108.7,25.7,SIN,ARCSI,"Adolfo Ruiz Cortines, Sin.",0.02
-107.466667,25.033333,SIN,AWSSI,"Andrew Weiss, Sin.",2.01
-107.5375,25.333333,SIN,BDRSI,"Badiraguato, Sin.",0.51
-108.333333,26.733333,SIN,CHOSI,"Choix Pueblo, Sin.",0
-108.329167,26.736111,SIN,CHXSI,"Observatorio de Choix, Sin.",0
-107.4,24.816667,SIN,CLCSI,"Culiacán, Sin.",2
-109.333333,26.1,SIN,CRRSI,"El Carrizo, Sin.",0.02
-108.065556,25.484722,SIN,EBLSI,"Lic. Eustaquio Buelna, Sin.",0
-108.616667,26.433333,SIN,EFTSI,"El Fuerte, Sin.",1
-108.480833,25.806667,SIN,ENASI,"Estación Naranjo, Sin.",0.7
-108.316667,26.083333,SIN,GB2SI,"El Sabinal hidrométrica, Sin.",0
-107.911944,25.855278,SIN,GD2SI,"Bacurato hidrométrica de Gustavo Diaz Ordáz, Sin.",0.02
-107.911111,25.856667,SIN,GDOSI,"Gustavo Díaz Ordaz, Sin.",0.11
-108.091667,25.469444,SIN,GMCSI,"Guamúchil, Sin.",0
-108.466667,25.716667,SIN,GSVSI,"Guasave, Sin.",0
-107.225,25.344444,SIN,GTNSI,"Guatenipa, Sin.",10
-109.301111,25.966111,SIN,HDZSI,"Higuera de Zaragoza, Sin.",0.01
-107.059444,24.753611,SIN,JGRSI,"Juan Guerrero Alcocer, Sin.",0
-106.807222,24.571667,SIN,JLPSI,"José López Portillo, Sin.",0
-108.712222,26.437222,SIN,JODSI,"El Sabino, Sin.",0
-108.7025,26.426944,SIN,JORSI,"Josefa Ortiz de Domínguez, Sin.",0
-106.9,23.916667,SIN,LCRSI,"La Cruz, Sin.",0.01
-108.35,26.904167,SIN,LD2SI,"Huites hidrométrica, Sin.",0
-108.367778,26.844722,SIN,LDCSI,"Luis Donaldo Colosio, Sin.",0
-109,25.8,SIN,MCHSI,"Los Mochis, Sin.",0.03
-106.4,23.233333,SIN,MZTSI,"Observatorio de Mazatlán, Sin.",0.02
-107.440556,24.634722,SIN,OBSSI,"Observatorio de Culiacán, Sin.",1
-108.58,26.509722,SIN,PMHSI,"Miguel Hidalgo, Sin.",0.01
-106.466667,23.5625,SIN,QLTSI,"Quelite, Sin.",0
-107.755833,25.124722,SIN,RAVSI,"Estación Rancho Viejo, Sin.",0
-105.85,22.983333,SIN,RSRSI,"Rosario, Sin.",0
-107.843333,25.485556,SIN,SANJUAN,"San Juan, Sin. SMN*",0
-108.779167,26.073611,SIN,SFRSI,"Sufragio, Sin.",0
-107.8425,25.486667,SIN,SJNSI,"San Juan, Sin.",0.02
-107.1,24.45,SIN,SLRSI,"San Lorenzo, Sin.",0.02
-106.695833,24.121944,SIN,SLTSI,"Ing. Aurelio Benassini Vizcaíno, Sin.",0
-107.158333,24.813889,SIN,SN2SI,"Sanalona hidrométrica, Sin.",1.11
-107.151389,24.815,SIN,SNLSI,"Sanalona, Sin.",1.11
-106.25,23.35,SIN,SQRSI,"Siqueros, Sin.",0.02
-109.070278,25.590833,SIN,TOPOLOBAMPOmar,"Topolobampo, Sin. SEMAR*",0
-105.846944,23.088333,SIN,TORSI,"Las Tortugas, Sin.",0.01
-107.059722,24.7475,SIN,VINSI,"Vinoramas, Sin.",0
-108.358611,25.739167,SIN,ZOPSI,"El Zopilote, Sin.",0.02
-98.558333,21.972222,SLP,AJTSL,"Las Adjuntas, S.L.P.",8.6
-98.955833,21.748889,SLP,BLMSL,"Ballesmi, S.L.P.",119
-99.016667,21.983333,SLP,CDVSL,"Ciudad Valles, S.L.P.",142
-99.239444,21.906944,SLP,GANSL,"Gallinas, S.L.P.",32
-100.820556,21.88,SLP,IVGSL,"Valentín Gama, S.L.P.",42
-100.665833,23.6475,SLP,MA2SL,"Matehuala, S.L.P. SMN*",21.4
-100.642778,23.656944,SLP,MATSL,"Matehuala, S.L.P.",53.22
-99.159444,22.12,SLP,MICSL,"Micos, S.L.P.",139.8
-98.8,21.333333,SLP,MTPSL,"Observatorio de Matlapa, S.L.P.",119.9
-99.32,22.523333,SLP,NRJSL,"Naranjos, S.L.P.",65.2
-100.762222,21.849722,SLP,OCTSL,"Ojo Caliente, S.L.P.",43.4
-99.830556,21.651111,SLP,PMYSL,"Pedro Montoya, S.L.P.",54
-98.939722,21.847222,SLP,PUJSL,"El Pujal, S.L.P.",149.81
-98.888611,21.425,SLP,RQTSL,"Requetemu, S.L.P.",128.1
-99.995,21.931389,SLP,RVDSL,"Observatorio de Río Verde, S.L.P.",38.4
-101,22.2,SLP,SGRSL,"Soledad Graciano, S.L.P.",43.01
-101.019167,22.148056,SLP,SLPSL,"Observatorio de San Luis Potosí, S.L.P.",77
-99.055833,22.02,SLP,STRSL,"Santa Rosa, S.L.P.",87.02
-98.617222,21.692778,SLP,SVTSL,"San Vicente, S.L.P.",37.7
-99.146111,21.822222,SLP,TANCHACHIN,"Tanchachín, S.L.P. SGT*",113.5
-100.548333,21.629444,SLP,TIESL,"La Muñeca, S.L.P.",93.24
-99.146111,21.8225,SLP,TNCSL,"Tanchachín, S.L.P.",113
-101.9125,22.831944,SLP,VRASL,"Villa de Ramos, S.L.P.",24.2
-110.226111,29.825,SON,ACNSO,"Aconchi, Son.",0
-108.937778,27.021667,SON,ALMSO,"Álamos, Son.",0.2
-111.834444,30.714444,SON,ALTSO,"Observatorio de Altar, Son.",1
-109.8925,27.8225,SON,AOBSO,"Alvaro Obregón, Son.",0
-109.106667,27.226111,SON,ARCSO,"Adolfo Ruiz Cortines, Son.",0.01
-109.088611,30.07,SON,ARISO,"Aribabi, Son.",4.5
-110.92,29.076667,SON,ARLSO,"Abelardo Rodríguez Luján, Son.",0
-110.1675,30.335833,SON,ARZSO,"Arizpe, Son.",0
-110.238611,30.598889,SON,BCNSO,"Bacanuchi, Son.",0
-108.931667,30.355278,SON,BCRSO,"Bacerac, Son.",0.01
-109.625,27.416667,SON,CCRSO,"Cocoraque, Son.",0
-111.516389,30.873333,SON,CHTSO,"Cuauhtémoc, Son.",0
-110.736389,29.472222,SON,CJNSO,"El Cajón, Son.",0
-110.290833,30.98,SON,CNNSO,"Cananea, Son.",0.02
-109.931944,27.496389,SON,COBSO,"Ciudad Obregón, Son.",0.01
-109.233333,29.2,SON,ECBSO,"El Cubil, Son.",0
-110.8,27.95,SON,EPLSO,"Observatorio de Empalme, Son.",0.2
-110.85,27.95,SON,GYMSO,"Guaymas, Son.",0.01
-110.916667,29.066667,SON,HM2SO,"Observatorio de Hermosillo, Son.",0
-110.925833,29.073056,SON,HMNSO,"Hermosillo, Son.",0
-108.957222,30.210556,SON,HSHSO,"Huachinera, Son.",7
-110.886944,30.761667,SON,IMRSO,"Imuris, Son.",0
-110.396944,28.426389,SON,IRASO,"Ignacio R. Alatorre, Son.",0
-109.378889,30.437778,SON,LCDSO,"Lázaro Cárdenas, Son.",0
-110.783333,29.183333,SON,MLNSO,"El Molinito, Son.",0
-109.6875,30.374444,SON,NCZSO,"Observatorio de Nacozari, Son.",0
-110.947222,31.318889,SON,NGLSO,"Nogales, Son.",1.4
-109.443333,27.071944,SON,NVJSO,"Navojoa, Son.",0
-112.85,31.866667,SON,NYNSO,"Sonoyta, Son.",0
-109.083333,29.433333,SON,PDNSO,"Paso Nácori, Son.",0
-109.642222,28.976667,SON,PECSO,"Plutarco Elías Calles, Son.",0
-110.725556,29.2125,SON,PMOSO,"Ing. Rodolfo Félix Valdés, Son.",0
-113.550833,31.352778,SON,PT2SO,"Observatorio de Puerto Peñasco, Son.",6.3
-110.308333,28.472222,SON,PTASO,"Punta de Agua 2, Son.",0.01
-112.116667,30.697778,SON,PTQSO,"Pitiquito, Son.",0
-111.021389,30.050556,SON,QRBSO,"Querobabi, Son.",0.01
-108.876667,27.411944,SON,SBNSO,"San Bernardo, Son.",0
-111.445278,30.394722,SON,SRSSO,"Santa Rosa 2, Son.",0
-109.5,29.534722,SON,TPCSO,"Tepache, Son.",0.01
-109.2125,27.658333,SON,TSOSO,"Tesocoma, Son.",0
-110.289722,27.643611,SON,VCMSO,"Vícam, Son.",0.01
-108.927778,28.371389,SON,YCRSO,"Yécora, Son.",0.01
-91.483333,17.433333,TAB,BDCTB,"Boca del Cerro, Tab.",13
-93.362778,17.865,TAB,CAMOAPA,"Camoapa, Tab. SGT*",33.4
-93.376389,18.001111,TAB,CARTB,"Cárdenas, Tab.",74
-92.916667,17.98,TAB,EMUTB,"Villahermosa Muelle, Tab.",133.1
-92.814722,18.043611,TAB,EPOTB,"El Porvenir, Tab.",101.5
-93,17.975,TAB,GONTB,"González, Tab.",42.8
-92.167222,18.100556,TAB,JONUTAHM,"Jonuta hidrométrica, Tab. SGT*",35
-92.6,17.766667,TAB,MACTB,"Macuspana, Tab.",25.7
-92.75,17.380556,TAB,OXOTB,"Oxolotán, Tab.",127.4
-92.879167,17.854167,TAB,PNVTB,"Pueblo Nuevo, Tab.",28.7
-93.622778,18.175,TAB,POBLADOC11,"Poblado C11, Tab. SGT*",100.4
-92.877222,18.010833,TAB,PORVENIR,"Porvenir, Tab. SGT*",24.1
-92.976944,17.980278,TAB,POSTA,"La Posta, Tab. SGT*",18.4
-92.9375,17.566667,TAB,PUYTB,"Puyacatengo, Tab.",91.6
-93.275556,17.996944,TAB,SAMTB,"SaMaría, Tab.",48.6
-91.158333,17.791667,TAB,SPTTB,"San Pedro, Tab.",36.6
-92.778611,17.456944,TAB,TAPTB,"Tapijulapa, Tab.",146.1
-92.966667,17.566667,TAB,TEATB,"Teapa, Tab.",71.5
-92.333889,17.840556,TAB,TEPETITAN,"Tepetitán, Tab. SGT*",2.9
-98.39,24.065556,TAMPS,ABSTP,"Abasolo, Tamps.",85.1
-99.145556,22.986944,TAMPS,AHLTP,"Ahualulco, Tamps.",226.9
-97.926944,22.386111,TAMPS,BALTP,"Bombas Altamira, Tamps.",5.8
-99.123056,24.080556,TAMPS,BR1TP,"El Barretal Uno, Tamps.",144.4
-99.215,24.1025,TAMPS,BRRTP,"El Barretal, Tamps.",146.4
-98.5975,26.238056,TAMPS,CDOTP,"S J 2 18 Ciudad Díaz Ordaz, Tamps.",15.1
-98.8,26.25,TAMPS,CMGTP,"S J 2 11 Camargo, Tamps.",30.6
-99.148611,26.430556,TAMPS,CMRTP,"Mier, Tamps.",56.01
-97.817778,25.966389,TAMPS,CONTP,"Control, Tamps.",27.53
-98.935833,23.939167,TAMPS,CORTP,"Corona, Tamps.",173.3
-98.189444,26.016389,TAMPS,CRAEREYNOSA,"CRAE Reynosa, Tamps. SGT*",26.75
-99.166667,23.716667,TAMPS,CVCTP,"Observatorio de Ciudad Victoria, Tamps.",177.31
-99.1875,23.730278,TAMPS,CVTTP,"Ciudad Victoria, Tamps.",129.42
-99.078611,23.384444,TAMPS,ENNTP,"La Encantada, Tamps.",60.5
-98.691667,22.605,TAMPS,ERCTP,"Estudiante Ramiro Caballero Dorantes, Tamps.",8.2
-98.159167,24.841944,TAMPS,FDOTP,"San Fernando, Tamps.",74.6
-99.170556,26.560278,TAMPS,FLCTP,"Internacional Falcón, Tamps.",18.04
-99.154722,23.046667,TAMPS,GOMEZFARIAS,"Gómez Farías, Tamps. SGT*",84.2
-97.953333,23.166389,TAMPS,LAETP,"La Esperanza, Tamps.",10.7
-99.233611,26.408889,TAMPS,LBLTP,"Derivadora Las Blancas, Tamps.",35.2
-99.120556,22.852778,TAMPS,LSRTP,"La Servilleta, Tamps.",104.92
-99.551944,24.567778,TAMPS,MAGTP,"Magueyes, Tamps.",85.9
-97.522778,25.833333,TAMPS,MATTP,"Matamoros, Tamps.",130.92
-97.844167,22.283889,TAMPS,MDRTP,"Madero, Tamps.",0.6
-98.586389,25.1175,TAMPS,MENTP,"Mendez, Tamps.",53.4
-99.040833,26.374167,TAMPS,MGATP,"S J 1 2 Miguel Alemán, Tamps.",25.3
-98.705556,22.795833,TAMPS,MGSTP,"Magiscatzín Dos, Tamps.",7.7
-98.713611,22.797222,TAMPS,MGZTP,"Magiscatzín, Tamps.",7.7
-99.434444,24.2525,TAMPS,MHGTP,"Miguel Hidalgo, Tamps.",132.7
-98.925556,26.204722,TAMPS,MRGTP,"Marte Rodolfo Gómez, Tamps.",35.2
-98.903611,24.043889,TAMPS,PADTP,"Padilla, Tamps.",169.81
-97.8,25.8,TAMPS,PANTP,"Pueblo Anáhuac, Tamps.",106.62
-98.745833,23.726667,TAMPS,PDMTP,"Paso de Molina, Tamps.",133
-99.019167,24.208056,TAMPS,PILTP,"Pilón, Tamps.",214.2
-99.555833,24.2475,TAMPS,PJMTP,"Pedro José Méndez, Tamps.",56
-99.583333,24.183333,TAMPS,PVLTP,"Puerto de Valles, Tamps.",73.2
-99.026111,22.843056,TAMPS,RFRTP,"Río Frío, Tamps.",115.2
-98,25.966667,TAMPS,RIBTP,"Río Bravo, Tamps.",66
-97.991944,23.259444,TAMPS,RSPTP,"República Española, Tamps.",16.4
-98.285833,26.079722,TAMPS,RYATP,"S J 3 42 Reynosa, Tamps.",8.01
-98.883333,26.166667,TAMPS,RYNTP,"S J 2 9 Reynosa, Tamps.",8.01
-99.093056,23.031389,TAMPS,SBNTP,"Sabinas, Tamps.",160.31
-98.869444,22.784444,TAMPS,SDATP,"Saca de Agua, Tamps.",72.4
-98.7875,23.085556,TAMPS,SGBTP,"San Gabriel, Tamps.",129.5
-98.208889,23.762222,TAMPS,SLMTP,"Observatorio de Soto la Marina, Tamps.",73.21
-98.791389,22.943889,TAMPS,SLZTP,"Lic. Emilio Portes Gil, Tamps.",24.01
-97.876111,22.238333,TAMPS,TMPTP,"Sistema Lagunero del Río Tamesí, Tamps.",0.3
-98.421944,22.413611,TAMPS,TMSTP,"Tamesí, Tamps.",27.2
-97.804167,25.906111,TAMPS,VCATP,"Villa Cárdenas, Tamps.",38
-98.666389,23.959444,TAMPS,VGRTP,"Vicente Guerrero, Tamps.",142.7
-97.8,25.7,TAMPS,VHMTP,"Valle Hermoso, Tamps.",90
-99.551111,24.566667,TAMPS,VSMTP,"Victoria San Marcos, Tamps.",60.2
-98.131389,19.428611,TLAX,APITL,"Apizaco, Tlax.",157
-98.563889,19.586111,TLAX,CPPTL,"Calpulalpan, Tlax.",125.4
-97.769722,19.298889,TLAX,CUATL,"Cuapiaxtla, Tlax.",139.7
-97.6475,19.318056,TLAX,ECTTL,"El Carmen Tequexquitla, Tlax.",130.5
-98.246944,19.324722,TLAX,OBSTL,"Observatorio de Tlaxcala, Tlax.",219.9
-98.200556,19.556111,TLAX,SJATL,"San José Atlanga, Tlax.",123
-98.243056,19.219444,TLAX,ZACTL,"Zacatelco, Tlax.",148.5
-97.908056,19.200278,TLAX,ZITTL,"Zitlaltepec, Tlax.",129
-96.843889,19.695833,VER,ACAVC,"Acatlán, Ver.",151.03
-96.5875,19.495,VER,ACTVC,"Actopan, Ver.",53.8
-94.144444,18.141667,VER,AGDVC,"Agua Dulce, Ver.",56
-97.234722,19.7625,VER,ALTVC,"Altotonga, Ver.",93.83
-96.736111,19.621667,VER,ALUVC,"Alto Lucero, Ver.",61.72
-97.673889,20.907222,VER,APCVC,"Alamo PC, Ver.",15.5
-95.4375,18.583333,VER,ARCVC,"Angel Rosario Cabada, Ver.",72.92
-96.944444,19.588889,VER,BANVC,"Banderilla, Ver.",167
-96.933333,19.483333,VER,BRIVC,"Briones, Ver.",253.22
-96.971667,19.948889,VER,BUVVC,"Buena Vista Protección Civil, Ver.",83.4
-97.825833,21.214444,VER,CAMVC,"La Campechana, Ver. Protección Civil*",80.4
-94.253889,17.954444,VER,CB2VC,"Planta de bombeo 2 de La Cangrejera, Ver.",25
-95.8,18.3,VER,CCLVC,"Chacaltianguis, Ver.",32.2
-96.994444,19.332778,VER,CDCVC,"Cosautlán de Carvajal, Ver.",286.02
-96.697778,19.433056,VER,CEGVC,"Cerro Gordo, Ver.",133
-96.9025,20.172778,VER,CEPVC,"Pital Protección Civil, Ver",33.02
-96.853611,18.563333,VER,CHMVC,"Chicomapa, Ver.",84.1
-96.881944,20.118889,VER,CHPVC,"Chapa Chapa Protección Civil, Ver.",28
-98.155833,21.7375,VER,CHYVC,"Paso de Piedras, Ver.",63.5
-97.470556,20.253056,VER,CIRVC,"El Ciruelo, Ver. PC",63.12
-97.545,21.068333,VER,CLHVC,"Chalahuite, Ver.",40.91
-96.939444,19.453889,VER,COAVC,"Coatepec, Ver.",294.11
-97.470833,20.252778,VER,COMVC,"Comalteco, Ver. PC",76.1
-94.4,18.1,VER,COTVC,"Observatorio de Coatzacoalcos, Ver.",184.51
-96.374444,19.364722,VER,CRDVC,"Cardel, Ver.",2.81
-95.295833,18.144444,VER,CTTVC,"Cuatotolapan, Ver.",26.5
-96.666389,19.361667,VER,CUMVC,"La Cumbre, Ver.",79
-95.970833,19.040833,VER,ELSALADOmar,"El Salado, Ver. SEMAR*",4.064
-96.36,19.405833,VER,ENRVC,"El Naranjillo, Ver.",4
-97.399167,20.2575,VER,ESPVC,"El Espinal, Ver.",51.63
-96.158333,19.068889,VER,ETEVC,"El Tejar, Ver.",1.12
-97.556389,20.179167,VER,FABVC,"La Fábrica Protección Civil, Ver.",137.8
-96.9975,18.897778,VER,FORVC,"Fortín, Ver.",249.6
-97.363889,21.092222,VER,GALVC,"Barra Galindo PC, Ver.",3.51
-95.556944,18.270556,VER,GARVC,"Garro, Ver.",85.01
-98.459167,21.773611,VER,HGOVC,"El Higo, Ver.",0
-98.2875,21.194444,VER,HLSVC,"Los Hules, Ver.",8
-96.950833,19.181667,VER,HTSVC,"Huatusco, Ver.",302.7
-98.483333,20.533333,VER,HUYVC,"Huayacocotla, Ver.",58
-96.554167,19.404167,VER,IDOVC,"Idolos, Ver.",12.8
-97.2175,21.471667,VER,ISLALOBOSmar,"Isla Lobos, Ver. SEMAR*",25.4
-94.666667,17.95,VER,JALVC,"Jaltipán, Ver.",157.2
-95.033333,17.433333,VER,JCRVC,"Jesús Carranza, Ver.",65.01
-94.088889,17.873611,VER,JDCVC,"San José del Carmen, Ver.",89.5
-97.021111,19.603611,VER,JOYVC,"La Joya, Ver.",227.52
-95.35,18.25,VER,LAUVC,"Lauchapan, Ver.",139.9
-94.330833,18.109444,VER,LCAVC,"La Cangrejera, Ver.",37.5
-97.231944,18.922778,VER,LGRVC,"Loma Grande, Ver.",126
-96.978333,20.051944,VER,LIBVC,"Libertad, Ver.",82.83
-96.411111,19.261389,VER,LOFVC,"Loma Fina, Ver.",14.02
-97.236944,18.925278,VER,LOMAGRANDE,"Loma Grande, Ver. SMN*",61.3
-97.144722,20.018889,VER,LPAVC,"La Palmilla Protección Civil, Ver.",19.1
-94.916667,17.416667,VER,LPEVC,"Las Perlas, Ver.",56.01
-97.1,19.65,VER,LVRVC,"Las Vigas de Ramírez, Ver.",98.8
-97.691111,20.274722,VER,MACVC,"Macedonio Alonso, Ver.",236
-97.048333,20.0675,VER,MDTVC,"Martínez de la Torre, Ver.",72.3
-96.333333,19.15,VER,MFAVC,"Manlio Fabio Altamirano, Ver.",8.03
-98.045,20.8325,VER,MILVC,"Milcahual, Ver.",225.9
-94.771111,18.135278,VER,MNZVC,"Minzapan, Ver.",103.11
-97.097778,20.421944,VER,MRRVC,"El Morro, Ver. PC",48
-96.833333,19.933333,VER,MZNVC,"Misantla, Ver.",153.1
-96.873611,19.650556,VER,NACVC,"Naolinco AC, Ver.",54.51
-96.872222,19.65,VER,NAOVC,"Naolinco, Ver.",136.53
-98.503889,21.832222,VER,OLVVC,"El Olivo, Ver.",14.5
-97.1,18.85,VER,ORZVC,"Observatorio de Orizaba, Ver.",313.5
-96.97,19.55,VER,OTIVC,"Otilpan, Ver.",183.8
-96.399444,18.837778,VER,PARVC,"Paso Real Protección Civil, Ver.",0.22
-96.918056,19.48,VER,PAVVC,"Pacho Viejo, Ver.",254.6
-94.3775,18.103611,VER,PB3VC,"Planta de bombeo 3 de La Cangrejera, Ver.",49
-97.814444,21.184444,VER,PEMVC,"El Moralillo, Ver.",61
-96.210833,18.931389,VER,PEPVC,"La Pepehua Protección Civil, Ver.",4.4
-97.268333,19.545,VER,PEROTESMN,"Perote, Ver. SMN*",65.02
-96.979722,19.588611,VER,PILVC,"Piletas, Ver.",224.9
-98.176667,22.06,VER,PNCVC,"Pánuco, Ver.",0.3
-97.316667,20.45,VER,PPNVC,"Papantla, Ver.",14
-97.478333,20.540833,VER,PRCVC,"Poza Rica, Ver.",24.01
-98.356667,21.297778,VER,PSNVC,"Platón Sánchez, Ver.",93.6
-96.795278,18.888056,VER,PTNVC,"Potrero Nuevo, Ver.",201.24
-97.710556,20.274444,VER,PZAVC,"Progreso de Zaragoza, Ver. PC",44.6
-96.713889,20.157778,VER,RAUVC,"El Raudal, Ver.",2.6
-97.809722,20.887222,VER,SBTVC,"Sombrerete, Ver.",120.3
-96.921389,19.578611,VER,SEDVC,"Sedeño, Ver.",221.7
-95.183333,18.45,VER,SIHVC,"Sihuapán, Ver.",65.01
-95.133333,17.883333,VER,SJEVC,"San Juan Evangelista, Ver.",107.21
-97.293056,19.696944,VER,SNTVC,"Santa Ana, Ver. PC",36.82
-95.033333,18.516667,VER,SONVC,"Sontecomapan, Ver.",223
-95.212778,18.450833,VER,STXVC,"San Andrés Tuxtla AC, Ver.",56.5
-96.488889,19.338889,VER,TAMVC,"Tamarindo, Ver.",60
-96.966667,19.45,VER,TAPVC,"Tapachapan, Ver.",389.1
-96.356389,18.449167,VER,TBPVC,"Tierra Blanca AC, Ver.",50.42
-96.966667,19.383333,VER,TCOVC,"Teocelo, Ver.",207.6
-96.797778,19.674444,VER,TEPVC,"Tepetlán, Ver.",2.5
-97.125278,18.579722,VER,TLQVC,"Tlaquilpa, Ver.",116.84
-94.163333,17.571944,VER,TMOVC,"Tierra Morada, Ver.",22
-98.409444,21.499722,VER,TMPVC,"Tempoal, Ver.",48.4
-96.916667,19.811111,VER,TNCVC,"Tenochtitlán, Ver.",171.6
-97.2225,19.921944,VER,TOMVC,"Tomata, Ver.",216.82
-96.950278,19.233611,VER,TOTVC,"Totutla, Ver.",214.94
-98.153056,21.039722,VER,TRRVC,"Terrerillos, Ver.",110.5
-97.4,20.955556,VER,TXPVC,"Observatorio de Tuxpan, Ver.",48.11
-95.416667,18.466667,VER,TZAVC,"Tres Zapotes, Ver.",42.6
-97.254167,20.573611,VER,VEDVC,"Poza Verde, Ver. PC",34.8
-96.111111,19.154167,VER,VERVC,"Observatorio de Veracruz, Ver.",52.52
-96.613889,19.022222,VER,VTEVC,"Villa Tejeda, Ver.",58.5
-96.950833,19.5625,VER,XAYVC,"Xalapa Plan de Ayala PC, Ver.",144.8
-96.929167,19.511944,VER,XBSVC,"Xalapa Base PC, Ver.",183.8
-96.863889,19.546667,VER,XCAVC,"Xalapa Castillo Protección Civil, Ver.",138.6
-96.85,19.55,VER,XCFVC,"Xalapa CFE, Ver.",158.31
-96.916111,19.536944,VER,XCNVC,"Xalapa Constituyentes PC, Ver.",138.6
-96.903889,19.542222,VER,XCRVC,"Xalapa Cristal, Ver.",168.2
-96.901111,19.534722,VER,XDAVC,"Xalapa Dos de Abril, Ver.",156.3
-96.927222,19.541111,VER,XGEVC,"Xalapa Geografía PC, Ver.",125
-97.819167,21.205,VER,XILVC,"Ejido Xilitla, Ver. Protección Civil*",33.1
-96.935278,19.529167,VER,XIMVC,"Xalapa IMAC PC, Ver.",186
-96.918333,19.515833,VER,XMEVC,"Xalapa Ciencias Atmosféricas UV, Ver.",181.4
-96.935556,19.547222,VER,XMGVC,"Xalapa Magisterial, Ver.",188.12
-96.898056,19.556667,VER,XMNVC,"Xalapa Minas PC, Ver.",185.4
-96.913611,19.569444,VER,XMRVC,"Xalapa Moral, Ver. PC*",199.6
-96.918611,19.576111,VER,XNAVC,"Xalapa Naranjal PC, Ver.",200.4
-96.916667,19.533333,VER,XOBVC,"Observatorio de Xalapa, Ver.",136.5
-96.871667,19.511667,VER,XOLVC,"Xalapa Olmos PC, Ver.",107.2
-96.923889,19.527222,VER,XPMVC,"Xalapa Palacio PC, Ver.",141.4
-96.915556,19.565833,VER,XREVC,"Xalapa Revolución, Ver.",194.2
-96.942222,19.550556,VER,XSMVC,"Xalapa Seminario PC, Ver.",141.2
-96.929444,19.563333,VER,XSPVC,"Xalapa Sefiplan PC, Ver.",70.9
-96.894444,19.555833,VER,XSUVC,"Xalapa Sumidero, Ver.",174.4
-96.928056,19.720278,VER,XTOVC,"Xalapa TOV PC, Ver.",155.01
-96.777778,19.863889,VER,YECVC,"Yecuatla, Ver.",93
-97.388889,19.413889,VER,ZALVC,"Zalayeta, Ver.",106.5
-89.681111,20.649444,YUC,ABAYC,"Abalá, Yuc.",2.5
-89.218889,19.883056,YUC,BECYC,"Becanchén, Yuc.",126
-89.081667,20.463056,YUC,CANYC,"Cantamayec, Yuc.",30.2
-90.3825,20.858056,YUC,CELYC,"Celestún, Yuc. SMN*",3.6
-89.829444,20.752778,YUC,CHOYC,"Chocholá, Yuc.",76.1
-89.637778,21.030278,YUC,CICYC,"Centro de Investigación Científica, Yuc.",18.6
-89.501111,21.078889,YUC,CONYC,"Conkal, Yuc.",20
-87.676667,21.5125,YUC,CYOYC,"El Cuyo, Yuc.",43.9
-89.583611,20.983889,YUC,EZAYC,"Emiliano Zapata, Yuc.",7.3
-89.642778,21.048889,YUC,FIYYC,"Facultad de Ingeniería Universidad Autónoma de Yucatán, Yuc.",19.9
-89.658056,20.984167,YUC,GARYC,"Organismo de Cuenca Península de Yucatán, Yuc.",35.71
-89.651111,20.946389,YUC,MEOYC,"Observatorio de Mérida, Yuc.",28.81
-89.4375,21.105556,YUC,MOCYC,"Mocochá, Yuc.",30.1
-89.299444,21.102222,YUC,MTOYC,"Motul, Yuc.",12
-89.711667,20.493333,YUC,MUNYC,"Muna, Yuc.",6.1
-89.394722,20.290556,YUC,OXKYC,"Oxkutzcab, Yuc.",10.5
-88.930833,20.1325,YUC,PETYC,"Peto, Yuc.",82
-89.653889,21.275833,YUC,PROYC,"Observatorio de Progreso, Yuc.",2.41
-88.160278,21.571111,YUC,RILYC,"Río Lagartos, Yuc. SMN*",8.6
-89.046944,20.030278,YUC,TANYC,"Tantaquín, Yuc.",92.7
-89.558056,20.397778,YUC,TICYC,"Ticul, Yuc.",23.5
-88.1725,21.158611,YUC,TIZYC,"Tizimín, Yuc.",175.2
-88.216667,20.683333,YUC,VALLADOLIDob,"Observatorio de Valladolid, Yuc. SMN*",55
-88.204167,20.69,YUC,VALYC,"Observatorio de Valladolid, Yuc.",89.71
-103.459167,21.811389,ZAC,ATGZC,"Atolinga, Zac.",12.21
-102.733889,23.602222,ZAC,CFPZC,"Cañitas de Felipe Pescador, Zac",51.5
-102.896111,21.997222,ZAC,CHIZC,"El Chique, Zac.",29.8
-101.389444,24.621389,ZAC,CORZC,"Concepción del Oro, Zac.",60
-103.098333,23.693333,ZAC,ELCZC,"El Cazadero, Zac.",31.4
-102.040833,22.673056,ZAC,ELSZC,"El Saladillo, Zac.",41.01
-103.35,21.645833,ZAC,EXCZC,"Miguel Alemán, Zac.",2.23
-102.890833,23.173889,ZAC,FREZC,"Fresnillo, Zac.",15.8
-103.093333,21.933333,ZAC,GJAZC,"General Joaquín Amaro, Zac.",28.12
-102.506667,22.745556,ZAC,GPEZC,"Guadalupe, Zac.",36.6
-103.605556,21.223889,ZAC,HITZC,"Huitzila, Zac.",1.01
-103.113889,21.404167,ZAC,JCHZC,"Juchipila, Zac.",2.3
-103.001944,22.642778,ZAC,JERZC,"Jerez, Zac.",7.74
-102.566944,22.778889,ZAC,LBUZC,"Observatorio de Zacatecas, Zac.",36.89
-103.603056,22.687222,ZAC,LFLZC,"La Florida, Zac.",32.5
-102.660556,22.996944,ZAC,LLBZC,"Llano Blanco, Zac.",27.05
-102.251667,22.438611,ZAC,LMOZC,"Luis Moya, Zac.",55.7
-103.382778,22.845278,ZAC,LOBZC,"Manuel Felgueres, Zac.",28.5
-101.985556,22.264722,ZAC,LORZC,"Loreto, Zac.",19.9
-103.216944,23.18,ZAC,LREZC,"Gobernador Leobardo Reynoso, Zac.",36.3
-103.362222,21.212778,ZAC,MORZC,"Mezquital del Oro, Zac.",0
-103.561667,22.306944,ZAC,MRSZC,"Monte Escobedo, Zac.",0
-102.845556,21.3575,ZAC,NCTZC,"Nochistlán, Zac.",7.93
-102.269444,22.577778,ZAC,OCAZC,"Ojo Caliente, Zac.",23.7
-102.798056,22.347778,ZAC,PALZC,"Palomas, Zac.",44.6
-101.399167,22.117778,ZAC,PINZC,"Pino Suárez, Zac.",81.8
-102.903611,21.711111,ZAC,PMOZC,"Los Moraleños, Zac.",9.31
-103.025833,23.816944,ZAC,RGRZC,"Río Grande, Zac.",20.04
-102.8825,24.326111,ZAC,SFOZC,"San Francisco, Zac.",5.65
-103.506111,24.288611,ZAC,SGOZC,"Santiago, Zac.",16.57
-103.636389,23.638889,ZAC,SOMZC,"Observatorio de Sombrerete, Zac.",16.1
-103.495833,22.326667,ZAC,STEZC,"Independencia Nacional, Zac.",9.2
-103.108889,22.923611,ZAC,STRZC,"Santa Rosa, Zac.",19.01
-102.864167,22.120556,ZAC,TAYZC,"Ing. Julián Adame Alatorre, Zac.",27.6
-103.88,23.471944,ZAC,TCHZC,"Chalchihuites, Zac.",20
-103.461944,21.468611,ZAC,TGOZC,"Teúl de González Ortega, Zac.",4.52
-103.309444,21.773611,ZAC,TLLZC,"Tlaltenango, Zac.",9.11
-102.345556,23.288889,ZAC,VCOZC,"Villa de Cos, Zac.",25
-101.917222,22.520278,ZAC,VGOZC,"Villa González Ortega, Zac.",77.72
-101.715833,22.347222,ZAC,VHGZC,"Villa Hidalgo, Zac.",25.72
-103.3375,21.588889,ZAC,VILZC,"José María Morelos, Zac.",0.03
-102.506111,22.746667,ZAC,ZA2ZC,"Zacatecas, Zac. SMN*",2.25
-102.585556,22.765,ZAC,ZACZC,"Zacatecas, Zac.",5.62
