Lon,Lat,Clave,Edo,Est,Tmed
-102.32,21.7,MMAS,AGS,Aeropuerto Internacional de Aguascalientes Ags.*,20.8
-102.37,21.78,NGRAG,AGS,El Niágara Ags.,18.9
-102.79,21.81,MNLAG,AGS,Media Luna Ags.,21.2
-102.29,21.85,OBSAG,AGS,Observatorio de Aguascalientes Ags.,21.9
-102.31,21.9,AGSAG,AGS,Aguascalientes Ags.,20.9
-101.99,21.9,CNSAG,AGS,Los Conos Ags.,19.4
-102.68,22,CDRAG,AGS,La Codorniz Ags.,22.2
-102.36,22.12,JCQAG,AGS,Jocoque Ags.,21.4
-102.42,22.14,PECAG,AGS,Plutarco Elías Calles Ags.,20.2
-102.28,22.15,PBLAG,AGS,Pabellón Ags.,19.5
-102.46,22.19,P50ANIV,AGS,Presa Cincuenta Aniversario Ags. SMN*,20.4
-102.14,22.2,PTOAG,AGS,Puerto de la Concepción Ags.,20.3
-102.44,22.24,PTRAG,AGS,Derivadora Pabellón Ags.,20.3
-102.61,22.27,SIERRAFRIA,AGS,Sierra Fría Ags. SMN*,15.2
-102.3,22.36,CSOAG,AGS,Cosío Ags.,12.0
-102.07,22.1,VJZAG,AGS,Villa Juárez Ags.,17.0
-102.13,21.81,TNJAG,AGS,La Tinaja 2 Ags.,19.6
-102.11,21.88,SNVAG,AGS,Sandovales Ags.,14.3
-101.97,21.92,PALAG,AGS,Palo Alto Ags.,19.5
-102.2,22.01,CHOAG,AGS,Cañada Honda Ags.,18.9
-102,22.02,NVLAG,AGS,El Novillo Ags.,16.9
-102.29,21.85,AGUASCALIENTESo,AGS,Observatorio de Aguascalientes Ags. SGT*,20.5
-102.46,22.19,ANVAG,AGS,Cincuenta Aniversario Ags.,20.2
-114.72,29.73,CATAVINA,BC,Cataviña B.C. SMN*,17.3
-116.6,31.89,ELZBN,BC,Emilio López Zamora B.C.,15.6
-116.2,32.27,AGHBN,BC,Agua Hechicera B.C.,10.3
-116.91,32.44,ALRBN,BC,Abelardo L. Rodríguez B.C.,16.6
-116.83,32.47,EFLBN,BC,El Florido B.C.,15.9
-116.7,32.48,CRRBN,BC,El Carrizo B.C.,16.7
-114.73,32.7,PDMBN,BC,Presa derivadora Morelos B.C.,22.5
-115.27,32.39,MXCBN,BC,Mexicali B.C.,24.2
-115.93,30.52,ENBBN,BC,San Quintín B.C.,14.8
-115.94,30.53,SQNBN,BC,San Quintín B.C. SMN*,14.7
-116.6,31.89,PLOPEZZAMORA,BC,Presa Emilio López Zamora B.C. SMN*,15.1
-116.91,32.45,PABELARLRDGZ2,BC,Abelardo L. Rodríguez. 2 B.C. SMN*,16.9
-116.66,32.57,TECATE,BC,Tecate B.C. SMN*,15.2
-114.85,31.03,SFLBN,BC,Observatorio de San Felipe B.C.,20.7
-115.15,32.41,ENLBN,BC,Observatorio de Ejido Nuevo León B.C.,21.7
-115.29,32.67,MEXBN,BC,Mexicali B.C. SMN*,22.8
-115.5,31.1,ISANPEDR1,BC,San Pedro Mártir B.C. UNAM*,5.5
-116.97,32.54,MMTJ,BC,Aeropuerto Internacional de Tijuana B.C.*,15.7
-115.25,32.63,MMML,BC,Aeropuerto Internacional de Mexicali B.C.*,21.4
-115.92,32.04,CONST1857,BC,Constitución de 1857 B.C. SMN*,8.5
-114.83,30.99,SANFELIPEMAR,BC,San Felipe B.C. SEMAR*,20.2
-117.25,32.42,ISLACORONADOMAR,BC,Isla Coronado B.C. SEMAR*,15.5
-116.21,32.27,RUMOROSA,BC,La Rumorosa B.C. SMN*,10.4
-115.19,32.41,ENVOLEONob,BC,Observatorio del Ejido Nuevo León B.C. SMN*,21.4
-114.83,31.03,SFELIPEob,BC,Observatorio de San Felipe B.C. SMN*,21.4
-111.35,26.01,BLORETO,BCS,Bahía de Loreto B.C.S. SMN*,23.3
-109.92,22.89,SANLUCAS,BCS,Cabo San Lucas B.C.S. SMN*,23.8
-109.92,22.89,SLUBS,BCS,Cabo San Lucas B.C.S. SMN*,24.6
-109.93,22.9,CSLBS,BCS,Cabo San Lucas B.C.S.,22.7
-109.71,23.12,SJCBS,BCS,San José del Cabo B.C.S.,22.5
-110.21,23.48,TSNBS,BCS,Todos Santos B.C.S.,19.4
-109.71,23.49,SNTBS,BCS,Santiago B.C.S.,22.9
-109.7,23.68,LBABS,BCS,Los Barriles B.C.S.,25.3
-109.84,23.74,SBABS,BCS,San Bartolo B.C.S.,17.3
-110.06,23.8,SANBS,BCS,San Antonio B.C.S.,25.3
-109.93,23.97,PLNBS,BCS,Los Planes B.C.S.,23.0
-110,24.08,SARBS,BCS,El Sargento B.C.S.,22.2
-113.46,27.64,DORBS,BCS,Díaz Ordaz B.C.S.,15.4
-114.05,27.96,GNGBS,BCS,Guerrero Negro B.C.S.,16.3
-111.98,26.9,MLGBS,BCS,Mulegé B.C.S.,21.3
-110,23.56,SLAGUNA,BCS,Sierra La Laguna B.C.S. SMN*,18.6
-110.37,24.15,LPZBS,BCS,Observatorio de La Paz B.C.S.,24.2
-111.66,25.01,CCNBS,BCS,Observatorio de Ciudad Constitución B.C.S.,20.0
-111.35,26.01,LRTBS,BCS,Observatorio de Loreto B.C.S.,23.8
-112.27,27.34,SRLBS,BCS,Observatorio de Santa Rosalía B.C.S.,19.8
-109.72,23.14,MMSD,BCS,Aeropuerto Internacional de Los Cabos B.C.S.*,24.0
-110.37,24.08,MMLP,BCS,Aeropuerto Internacional de La Paz B.C.S.*,23.5
-111.35,25.99,MMLT,BCS,Aeropuerto Internacional de Loreto B.C.S.*,24.8
-109.42,23.45,CPULMO,BCS,Cabo Pulmo B.C.S. SMN*,23.2
-110.32,24.12,LAPAZob,BCS,Observatorio de La Paz B.C.S. SMN*,25.0
-111.83,24.48,PCORTESMAR,BCS,Puerto Cortés B.C.S. SEMAR*,19.4
-109.94,22.95,MMSL,BCS,Aeródromo Internacional de Cabo San Lucas B.C.S.,24.9
-114.02,27.98,UABCSCGNJ,BCS,UABCS Campus Guerrero Negro B.C.S. JCAS*,16.2
-113.46,27.64,DIAZORDAZBN,BCS,Gustavo Diaz Ordaz B.C.S. SMN*,18.0
-112.25,27.28,STAROSALIAob,BCS,Observatorio de Santa Rosalía B.C.S. SMN*,23.4
-109.92,22.89,CPCSANLUCASmar,BCS,Capitanía de Puerto de Cabo San Lucas B.C.S. SEMAR*,23.3
-110.22,23.45,TODOSLOSSANTOS,BCS,Todos los Santos B.C.S. SMN*,18.5
-111.65,25.01,CDCONSTITUCIONo,BCS,Ciudad Constitución Ob B.C.S. SGT*,20.4
-112.26,27.34,CPSTAROSALIAmar,BCS,Capitanía de Puerto de Santa Rosalía B.C.S. SEMAR*,20.9
-111.35,26.01,LORETOob,BCS,Observatorio de Loreto B.C.S. SMN*,24.0
-109.91,22.88,SANLUCASmar,BCS,Cabo San Lucas B.C.S. SEMAR*,23.1
-110.31,24.17,CPLAPAZmar,BCS,Capitanía de Puerto de La Paz B.C.S. SEMAR*,23.7
-89.4,18.5,XPJCA,CAMP,Xpujil Camp.,27.5
-91.05,18.18,CNDCA,CAMP,Candelaria Camp.,28.4
-92.09,18.25,PLZCA,CAMP,Palizada Camp.,29.3
-90.74,18.6,ESCCA,CAMP,Escárcega Camp.,29.1
-91.76,18.65,CARCA,CAMP,El Carmen Camp.,29.4
-91.18,18.97,SBNCA,CAMP,Sabancuy Camp.,28.1
-90.58,19.3,CANCA,CAMP,Canasayab Camp.,28.5
-90.72,19.36,CHMCA,CAMP,Champotón Camp.,29.6
-89.86,19.66,XCPCA,CAMP,Xcupil Camp.,27.6
-90.56,19.83,CMPCA,CAMP,Campeche Camp.,29.3
-90.51,19.84,COBCA,CAMP,Observatorio de Campeche Camp.,29.1
-90.11,20.18,HECCA,CAMP,Hecelchakán Camp.,28.6
-90.82,18.06,MONCLOVACAMP,CAMP,Monclova Camp. SMN*,31.2
-91.8,18.65,MMCE,CAMP,Aeropuerto Internacional de Ciudad del Carmen Camp.*,28.8
-90.5,19.81,MMCP,CAMP,Aeropuerto Internacional de Campeche Camp.*,27.9
-89.89,18.36,CALCA,CAMP,Calakmul Camp. SMN*,27.4
-90.31,19.01,YOHALTUM,CAMP,Yohaltún Camp. SMN*,28.3
-92.1,18.25,PALIZADACA,CAMP,Palizada Camp. SMN*,29.1
-89.85,19.75,HPOCA,CAMP,Hopelchen Camp.,28.7
-90.72,19.36,CHAMPOTONmar,CAMP,Champotón Camp. SEMAR*,28.7
-90.59,19.81,LERMAmar,CAMP,Lerma Camp. SEMAR*,28.7
-90.51,19.84,CAMPECHEob,CAMP,Observatorio de Campeche Camp. SMN*,28.8
-89.74,20,BOLCA,CAMP,Bolonchen Camp.,27.9
-91.83,18.63,EIOCDCARMENmar,CAMP,Estación de Investigación Oceanográfica de Ciudad del Carmen Camp. SEMAR*,29.2
-91.84,18.65,CPISLCARMENmar,CAMP,Capitanía de Puerto de Isla del Carmen Camp. SEMAR*,29.9
-90.71,19.65,CPSEYBAPLAYAmar,CAMP,Capitanía de Puerto de Seybaplaya Camp. SEMAR*,27.9
-90.59,19.81,CPCAMPECHEmar,CAMP,Capitanía de Puerto de Campeche Camp. SEMAR*,29.1
-89.72,19.46,DZILBACHEN,CAMP,Dzilbachén Camp. SMN*,28.0
-90.51,19.83,BASANCAMPmar,CAMP,Base Aeronaval de Campeche Camp. SEMAR*,28.3
-90.22,19.61,NYXCA,CAMP,Noh Yaxché Camp.,29.1
-99.2,19.3,DATDF,CDMX,Desviación Alta Cd. de Méx.,17.3
-99.07,19.47,SJADF,CDMX,San Juan de Aragón Cd. de Méx.,19.8
-99.14,19.52,CEADF,CDMX,Campamento Amealco Cd. de Méx.,21.2
-99.2,19.27,ECOGUARDAS,CDMX,Ecoguardas Ajusco Cd. de Méx. SMN*,18.9
-99.1,19.39,TEZDF,CDMX,Tezontle Cd. de Méx. SMN*,20.6
-99.2,19.41,CTMDF,CDMX,Observatorio de Tacubaya Cd. de Méx.,21.1
-99.09,19.48,GCNDF,CDMX,km 6+250 Cd. de Méx.,20.0
-99.07,19.44,MMMX,CDMX,Aeropuerto Internacional de la Ciudad de México Cd. de Méx.*,19.8
-99.22,19.44,IBMSE,CDMX,Legaria Cd. de Méx. SGIRPC*,19.9
-99.16,19.35,ENP6,CDMX,Escuela Nacional Preparatoria 6 Cd. de Méx. UNAM*,20.5
-99.2,19.4,ENP4,CDMX,Escuela Nacional Preparatoria 4 Cd. de Méx. UNAM*,20.9
-99.19,19.42,MDELREY,CDMX,Molino del Rey Cd. de Méx SMN*,19.6
-99.16,19.15,AJUSE,CDMX,Ajusco Cd. de Méx. SGIRPC*,14.8
-99.14,19.48,CCHV,CDMX,Colegio de Ciencias y Humanidades Vallejo Cd. de Méx. UNAM*,21.5
-99.01,19.25,TULYEHUALC,CDMX,Tulyehualco Cd. de Méx. UNAM*,19.1
-99.18,19.33,CCA,CDMX,Centro de Ciencias de la Atmósfera Cd. de Méx UNAM*,19.6
-99.13,19.42,ENP7,CDMX,Escuela Nacional Preparatoria 7 Cd. de Méx. UNAM*,21.5
-99.12,19.48,ENP9,CDMX,Escuela Nacional Preparatoria 9 Cd. de Méx. UNAM*,21.2
-99.15,19.31,SURSE,CDMX,Santa Úrsula Cd. de Méx. SGIRPC*,19.6
-99.08,19.4,AGOSE,CDMX,Agrícola Oriental Cd. de Méx. SGIRPC*,20.5
-99.14,19.55,CUAUTEPEC,CDMX,Cuautepec Cd. de Méx. UNAM*,19.3
-99.2,19.4,TACUBAYAob,CDMX,Observatorio de Tacubaya Cd. de Méx. SMN*,20.7
-99.15,19.43,SGISE,CDMX,SGIRPC Col Juárez Cd. de Méx. SGIRPC*,20.2
-99.12,19.27,ENP1,CDMX,Escuela Nacional Preparatoria 1 Cd. de Méx. UNAM*,20.7
-99.13,19.3,ENP5,CDMX,Escuela Nacional Preparatoria 5 Cd. de Méx. UNAM*,20.8
-99.09,19.48,ENP3,CDMX,Escuela Nacional Preparatoria 3 Cd. de Méx. UNAM*,20.9
-99.2,19.5,CCHA,CDMX,Colegio de Ciencias y Humanidades Azcapotzalco Cd. de Méx. UNAM*,19.9
-99.21,19.27,AJMSE,CDMX,Ajusco Medio Cd. de Méx. SGIRPC*,18.2
-99.2,19.33,PEDSE,CDMX,Pedregal Cd. de Méx. SGIRPC*,19.9
-99.09,19.48,GAMSE,CDMX,Gustavo A. Madero Cd. de Méx. SGIRPC*,21.1
-99.12,19.42,MERSE,CDMX,Merced Cd. de Méx. SGIRPC*,21.1
-99.01,19.25,TAHSE,CDMX,Tláhuac Cd. de Méx. SGIRPC*,20.5
-99.17,19.45,CBIDF,CDMX,Escuela Nacional de Ciencias Biológicas IPN Cd. de Méx. SMN*,20.6
-99.1,19.39,ENP2,CDMX,Escuela Nacional Preparatoria 2 Cd. de Méx. UNAM*,21.0
-99.2,19.4,MGHSE,CDMX,Miguel Hidalgo Cd. de Méx. SGIRPC*,20.9
-99.15,19.48,LAASE,CDMX,Lab. de Análisis Ambiental Cd. de Méx. SGIRPC*,20.7
-99.13,19.32,CIPRESESmar,CDMX,Los Cipreses Cd. de Méx. SEMAR*,21.6
-99.16,19.37,BJUSE,CDMX,Benito Juárez Cd. de Méx. SGIRPC*,20.5
-99.01,19.35,SACSE,CDMX,Santiago Acahualtepec Cd. de Méx. SGIRPC*,20.3
-99.1,19.3,UAXSE,CDMX,Universidad Autónoma Metropolitana Xochimilco Cd. de Méx. SGIRPC*,20.2
-99.2,19.31,CENAPRED,CDMX,Centro de Ciencias de la Atmósfera CENAPRED Cd. de Méx SMN*,18.8
-99.07,19.36,UIZSE,CDMX,Universidad Autónoma Metropolitana Iztapalapa Cd. de Méx. SGIRPC*,21.6
-105.16,26.74,VICCH,CHIH,Villa Coronado Chih.,21.1
-107.88,26.87,IGNCH,CHIH,San Ignacio Chih.,24.1
-107.92,27.22,URICH,CHIH,Urique Chih. SMN*,27.0
-107.91,27.22,URECH,CHIH,Urique Chih.,29.6
-105.41,27.54,LBQCH,CHIH,La Boquilla Chih.,22.5
-105.45,28.21,CDLCH,CHIH,Ciudad Delicias Chih.,22.5
-107.48,28.48,AGZCH,CHIH,Abraham González Chih.,12.7
-106.09,28.66,QIJCH,CHIH,Observatorio de Chihuahua Chih.,21.4
-108.3,29.2,GPCCH,CHIH,Guapoca Chih.,15.3
-107.38,29.56,TNTCH,CHIH,El Tintero Chih.,17.9
-104.41,29.56,OJNCH,CHIH,Ojinaga Chih.,24.1
-107.03,29.88,LJSCH,CHIH,Las Lajas Chih.,17.4
-106.4,31.74,CJZCH,CHIH,Ciudad Juárez Chih.,20.6
-105.38,27.41,CL2CH,CHIH,Colina hidrométrica Chih.,18.7
-106.77,26.23,CHNCH,CHIH,Chinatú Chih. SMN*,13.5
-107.07,26.82,GCCCH,CHIH,Guachochi Chih. SMN*,10.8
-104.91,27.11,JIMENEZCHIH,CHIH,Jiménez Chih. SMN*,20.0
-108.54,27.39,CHICH,CHIH,Chínipas Chih. SMN*,23.3
-107.63,27.75,CRLCH,CHIH,Creel Chih.,12.6
-107.99,27.86,MAGCH,CHIH,Maguarichi Chih. SMN*,18.9
-106.84,28.4,CDCUAUHTEMOC,CHIH,Ciudad Cuauhtémoc Chih. SMN*,17.1
-106.49,28.8,MAJALCA,CHIH,Cumbres de Majalca Chih. SMN*,12.9
-108.43,30.84,JANOS,CHIH,Janos Chih. SMN*,16.9
-105.68,26.92,PRRCH,CHIH,Observatorio de Parral Chih.,21.8
-107.85,28.95,TMCCH,CHIH,Observatorio de Temósachic Chih.,14.2
-107.93,30.38,CAGCH,CHIH,Observatorio de Nuevo Casas Grandes Chih.,18.1
-105.97,28.7,MMCU,CHIH,Aeropuerto Internacional de Chihuahua Chih.*,22.3
-106.44,31.64,MMCS,CHIH,Aeropuerto Internacional de Ciudad Juárez Chih.*,21.4
-106.39,26.47,ELVERGELSMN,CHIH,El Vergel Chih. SMN*,9.3
-108.54,27.42,CNDCH,CHIH,Chínipas Chih.,24.4
-106.5,30.62,VILLAAHUMADA,CHIH,Villa Ahumada Chih. SMN*,17.4
-107.26,28.77,BACCH,CHIH,Bachíniva Chih.,14.6
-106.45,31.76,CILANORTE,CHIH,CILA Norte Chih. SGT*,20.3
-105.81,27.45,VZRCH,CHIH,Valle de Zaragoza Chih.,21.2
-105.17,27.7,CAMARGOJ,CHIH,Camargo Chih. JCAS*,22.1
-107.6,27.97,SANJUANITOJ,CHIH,San Juanito Chih. JCAS*,9.7
-106.88,28.39,CUAUHTEMOCJ,CHIH,Cuauhtémoc Chih. JCAS*,15.4
-106.08,28.64,CHIHJCAS,CHIH,Chihuahua JCAS Chih. JCAS*,22.2
-106.08,28.68,CHIHPCIVIL,CHIH,Chihuahua PCivil Chih. JCAS*,22.5
-105.91,28.84,ALDAMAJ,CHIH,Aldama Chih. JCAS*,21.8
-108.14,29.19,MADERAJ,CHIH,Madera Chih. JCAS*,12.1
-105.09,29.46,COYAMEJ,CHIH,Coyame Chih. JCAS*,22.1
-106.51,30.62,AHUMADAJ,CHIH,Ahumada Chih. JCAS*,18.9
-108,31.09,ASCENCIONJ,CHIH,Ascensión Chih. JCAS*,18.2
-106.01,31.37,PRAXEDISJ,CHIH,Práxedis Chih. JCAS*,18.7
-106.75,31.72,CONEJOSJ,CHIH,Juárez Conejos Médanos Chih. JCAS*,17.6
-106.53,31.73,DONBOSCOJ,CHIH,Don Bosco Chih. JCAS*,20.4
-106.43,31.74,IIT01J,CHIH,Instituto de Ingeniería y Tecnología 01 Chih. JCAS*,20.4
-107.63,31.77,PALOMASJ,CHIH,Palomas Chih. JCAS*,17.7
-107.64,27.75,CREELJ,CHIH,Creel Chih. JCAS*,11.0
-105.81,27.46,VDEZARAGOZAJ,CHIH,Valle de Zaragoza Chih. JCAS*,20.5
-105.16,26.74,CORONADOJ,CHIH,Coronado Chih. JCAS*,20.4
-106.96,29.95,RFMAGONJ,CHIH,Ricardo Flores Magón Chih. JCAS*,18.4
-106.03,28.67,CHIHUAHUAob,CHIH,Observatorio de Chihuahua Chih. SMN*,23.3
-106.47,31.65,CNUACJ,CHIH,Clínica de Nutrición UACJ Chih. JCAS*,20.2
-107.7,28.76,C08243,CHIH,Tejolocachi Chih.,12.3
-105.96,28.77,C08270,CHIH,La Mesa Chih.,20.6
-106.48,28.8,C08099,CHIH,Majalca Chih.,13.2
-108.09,29.25,C08219,CHIH,Peñitas Chih.,9.7
-107.07,26.81,GRCCH,CHIH,Guerachi Chih.,27.5
-107.72,27.03,BTPCH,CHIH,Batopilas Chih.,28.3
-105.81,28.6,SANANTONIOJ,CHIH,San Antonio Chih. JCAS*,22.5
-106.43,31.68,JUAREZJ,CHIH,Juárez Chih. JCAS*,20.4
-105.63,28.17,FIMCH,CHIH,Las Vírgenes Chih.,22.4
-105.28,28.98,LLNCH,CHIH,El Granero Chih.,25.3
-106.56,31.77,BOMBEROS9J,CHIH,Bomberos 9 Anapra Chih. JCAS*,20.0
-106.68,27.9,SFBORJAJ,CHIH,San Francisco de Borja Chih. JCAS*,17.7
-106.38,31.65,BAVICORADSJ,CHIH,Bavicora Distrito Sur Chih. JCAS*,18.4
-107.39,29.18,ELTERREROJ,CHIH,El Terrero Chih. JCAS*,16.4
-105.69,26.93,PARRALJ,CHIH,Parral Chih. JCAS*,19.7
-107.48,28.55,GUERREROJ,CHIH,Guerrero Chih. JCAS*,12.6
-104.41,29.57,OJINAGAJ,CHIH,Ojinaga Chih. JCAS*,25.2
-108.14,29.18,MDRCH,CHIH,Ciudad Madera Chih.,10.9
-106.4,28.34,SANTAISABELJ,CHIH,Santa Isabel Chih. JCAS*,18.3
-106.11,27.96,SATEVOJ,CHIH,Satevó Chih. JCAS*,20.2
-106.5,31.7,CDELINDIOJ,CHIH,Cerro del Indio Chih. JCAS*,17.6
-107.92,30.41,NCGJ,CHIH,Nuevo Casas Grandes Chih. JCAS*,20.1
-92.47,15.13,HUICP,CHIS,Huixtla Chis.,30.3
-92.58,15.2,DESCP,CHIS,Despoblado Chis.,29.2
-92.67,15.32,ESCCP,CHIS,Escuintla Chis.,27.3
-92.88,15.45,MAPCP,CHIS,Mapastepec Chis.,29.9
-92.28,15.75,CHMCP,CHIS,Chicomuselo Chis.,26.1
-93.06,16.45,SDOCP,CHIS,Santo Domingo Chis.,28.7
-91.97,15.85,PCOCP,CHIS,Puente Concordia Chis.,26.6
-92.72,15.87,JAPCP,CHIS,Jaltenango Chis.,26.6
-93.53,15.88,TPICP,CHIS,Tres Picos Chis.,30.1
-92.67,15.92,REFCP,CHIS,Reforma Chis.,25.2
-93.08,16.16,REVCP,CHIS,Revolución Mexicana Chis.,27.3
-92.1,16.2,COOCP,CHIS,Observatorio de Comitán Chis.,21.1
-92.48,16.31,CASCP,CHIS,Cascajal Chis.,26.8
-92.8,16.55,ACACP,CHIS,Acala Chis.,28.5
-93.15,16.64,BOQCP,CHIS,Boquerón Chis.,27.8
-92.63,16.73,SCOCP,CHIS,Observatorio de San Cristóbal Chis.,17.3
-93.13,16.75,TXOCP,CHIS,Observatorio de Tuxtla Gutiérrez Chis.,28.2
-93.1,16.76,TUXCP,CHIS,Tuxtla Oriente Chis.,27.6
-92.82,16.94,SNACP,CHIS,Santa María Chis.,27.1
-93.33,17.12,YAMCP,CHIS,Yamonhó Chis.,25.6
-93.38,17.42,SAYCP,CHIS,Sayula Chis.,27.2
-92.35,17.57,SAACP,CHIS,Salto de Agua Chis.,26.6
-92.62,16.74,SCRCP,CHIS,Puente Morelos Chis.,16.2
-92.33,15.17,FHACP,CHIS,Finca Hamburgo Chis.,21.9
-92.81,15.66,ELTRIUNFO,CHIS,El Triunfo Chis. SMN*,16.3
-93.08,17.56,SJOCP,CHIS,San Joaquín Chis.,27.2
-93.02,16.56,MMTG,CHIS,Aeropuerto Internacional de Tuxtla Gutiérrez Chis.*,28.3
-92.76,15.07,LAENCRUCIJADA,CHIS,La Encrucijada Chis. SGT*,28.5
-93.56,16.7,LFLCP,CHIS,Las Flores Chis.,26.8
-92.9,16,JSBCP,CHIS,Juan Sabines Chis.,27.5
-92.37,14.79,MMTP,CHIS,Aeropuerto Internacional de Tapachula Chis.*,28.9
-92.73,15.37,CACCP,CHIS,Cacaluta Chis.,29.0
-92.15,15.09,VTACANA,CHIS,Volcán Tacaná Chis. SMN*,20.2
-91.99,17.53,PLQCP,CHIS,Palenque Chis. SMN*,28.4
-92.26,14.91,TAPCP,CHIS,Tapachula Chis.,30.7
-92.91,17.18,UNIVERSIDADLIND,CHIS,Universidad Lindavista Chis. SMN*,19.7
-93.9,16.24,AROCP,CHIS,Observatorio de Arriaga Chis.,30.8
-92.02,17.53,MMPQ,CHIS,Aeropuerto Internacional de Palenque Chis,28.0
-92.3,15.13,FARCP,CHIS,Finca Argovia Chis.,24.6
-93.86,16.06,PAREDONMAR,CHIS,Paredón Chis. SEMAR*,29.8
-93.22,15.69,PIJCP,CHIS,Pijijiapan Chis.,30.5
-93.11,17.51,PICCP,CHIS,Pichucalco Chis.,27.7
-92.24,15.78,SMICP,CHIS,San Miguel Chis.,26.2
-92.13,16.23,COMITANob,CHIS,Observatorio de Comitán Chis. SMN*,20.6
-91.52,16.81,NAHA,CHIS,Naha Chis. SMN*,22.1
-93.08,16.17,CREDREVOLUCIONM,CHIS,Cred Revolución Mexicana Chis. PC*,27.4
-92.4,14.7,PTOCHIAPASMAR,CHIS,Puerto Chiapas Chis. SEMAR*,29.1
-92.41,14.7,CPCHIAPASmar,CHIS,Capitanía de Puerto de Puerto Chiapas Chis. SEMAR*,27.6
-92.24,14.99,TAMCP,CHIS,Malpaso 2 Chis.,26.2
-92.25,15.36,CREDMOTOZINTLA,CHIS,Cred Motozintla Chis. SMN*,22.3
-92.95,15.5,ELNCP,CHIS,El Novillero Chis.,30.1
-103.7,27.29,SMJCL,COAH,Sierra Mojada Coah.,22.4
-101.02,25.38,STOCL,COAH,Saltillo Coah.,21.9
-103.45,25.54,TORCL,COAH,Observatorio de Torreón Coah.,26.7
-103.47,25.54,CYTCL,COAH,Coyote Coah.,26.4
-102.98,25.76,SPECL,COAH,San Pedro Coah.,26.3
-100.62,27.52,VCRCL,COAH,Venustiano Carranza Coah.,25.7
-101.12,27.85,SBNCL,COAH,Sabinas Coah.,26.6
-101.06,29.45,AMSCL,COAH,Internacional La Amistad Coah.,23.9
-103.28,25.07,LFLDR,COAH,La Flor Coah.,24.4
-101.02,25.38,SALCL,COAH,Observatorio de Saltillo Coah.,21.6
-100.95,27.52,VCARRANZA,COAH,Venustiano Carranza Coah. SMN*,25.8
-101.33,27.92,NUEVAROSITA,COAH,Nueva Rosita Coah. SMN*,25.1
-100.92,25.44,ESLCL,COAH,Secretaría de Agricultura Saltillo Coah.,21.8
-101.42,26.91,MCVCL,COAH,Observatorio de Monclova Coah.,27.1
-100.53,28.71,PNGCL,COAH,Observatorio de Piedras Negras Coah.,26.0
-100.93,25.55,MMIO,COAH,Aeropuerto Internacional de Saltillo Coah.*,23.2
-103.4,25.56,MMTC,COAH,Aeropuerto Internacional de Torreón Coah.*,27.1
-100.54,28.63,MMPG,COAH,Aeropuerto Internacional de Piedras Negras Coah.*,26.6
-100.66,26.84,CDLCL,COAH,Candela Coah.,26.0
-102.06,26.98,CCGCL,COAH,Cuatro Ciénegas Coah.,24.7
-101.21,28.4,SANTACECILIA,COAH,Santa Cecilia Coah. SMN*,23.6
-100.95,29.33,LASVACASC,COAH,Las Vacas. Ciudad Acuña Coah. CILA*,25.3
-103.27,25.77,MADCL,COAH,Madero Coah.,25.8
-101.06,29.45,PLAAMISTAD,COAH,Presa La Amistad Coah. SGT*,25.1
-103.23,25.53,MATCL,COAH,Matamoros Coah.,24.4
-103.26,25.77,FIMCL,COAH,Francisco I. Madero Coah.,24.9
-102.18,25.44,PARCL,COAH,Parras Coah.,23.7
-102.81,25.33,VSCCL,COAH,Viesca Coah.,23.8
-103.87,19.17,LAECM,COL,La Esperanza Col.,24.4
-103.73,18.76,CDOCM,COL,Cerro de Ortega Col.,26.8
-103.77,18.81,LDACM,COL,Laguna de Amela Col.,26.2
-103.87,18.91,TCMCM,COL,Tecomán Col.,25.9
-103.8,19.21,CQMCM,COL,Coquimatlán Col.,25.6
-103.73,19.22,LPSCM,COL,La Posta Col.,27.1
-104.1,18.94,RDRCM,COL,Radar Col.,24.7
-103.6,19.32,CUACM,COL,Cuauhtémoc Col.,26.9
-104.32,19.04,MNZCM,COL,Observatorio de Manzanillo Col.,24.9
-103.61,19.25,BVSCM,COL,Buenavista Col.,26.1
-103.58,19.28,MMIA,COL,Aeropuerto Nacional de Colima Col.*,26.6
-110.95,18.73,ISOCORROMAR,COL,Isla Socorro Col. SEMAR*,23.4
-104.31,19.05,IOPmar,COL,Instituto Oceanográfico del Pacífico Col. SEMAR*,25.3
-103.88,19.11,DJLCM,COL,P. deriv. Gregorio T. Q. Jala Col.,24.7
-103.81,19.33,PNTCM,COL,P. deriv. Peñitas Col.,28.4
-104.06,19.39,MINATITLAN,COL,Minatitlán Col. SMN*,22.6
-104.32,19.05,MANZANILLOob,COL,Observatorio de Manzanillo Col. SMN*,24.8
-104.56,19.15,MMZO,COL,Aeropuerto Internacional de Manzanillo Costalegre Col.*,23.6
-103.73,19.23,COLIMAob,COL,Observatorio de Colima Col. SMN*,27.0
-104.3,19.06,CPMANZANILLOmar,COL,Capitanía de Puerto de Manzanillo Col. SEMAR*,25.1
-102.78,24.63,SJGDR,DGO,San Juan de Guadalupe Dgo.,22.8
-104.29,25.56,SPGDR,DGO,San Pedro del Gallo Dgo.,21.1
-104.75,23.96,GVCDR,DGO,Presidente Guadalupe Victoria Dgo.,18.3
-104.67,24.03,DRGDR,DGO,Durango Dgo.,21.3
-104.12,24.44,CGVDR,DGO,Ciudad Guadalupe Victoria Dgo.,19.4
-104.78,24.52,CNTDR,DGO,Canatlán Dgo.,19.4
-104.81,24.54,CBRDR,DGO,Caboraca Dgo.,17.0
-103.7,24.87,CNCDR,DGO,Cuencamé Dgo.,24.9
-105.44,25.22,SACDR,DGO,Salomé Acosta Dgo.,17.9
-103.77,25.27,FZRDR,DGO,Francisco Zarco Dgo.,24.6
-103.52,25.53,CLRDR,DGO,Ciudad Lerdo Dgo.,24.0
-105.02,25.59,LCRDR,DGO,Lázaro Cárdenas Dgo.,23.1
-103.85,25.82,MPMDR,DGO,Mapimí Dgo.,23.8
-104.93,26.24,VHGDR,DGO,Villa Hidalgo Dgo.,16.8
-105.51,26.45,VOCDR,DGO,Villa Ocampo Dgo.,23.0
-105.5,26.44,VILLAOCAMPO,DGO,Villa Ocampo Dgo. SMN*,18.7
-104.92,24.8,GUADR,DGO,Guatimapé Dgo.,17.5
-105.57,26.08,SRDDR,DGO,Sardinas Dgo.,14.5
-104.25,23.39,MICHILIA,DGO,La Michilia Dgo. SMN*,12.7
-105.47,24.19,LVEDR,DGO,Las Vegas Dgo. SMN*,11.9
-103.98,26.55,LAFLOR,DGO,La Flor de Jimulco Dgo. SMN*,23.1
-103.75,26.69,MAPIMI,DGO,Mapimí Dgo. SMN*,24.3
-105.72,25.34,TLHDR,DGO,Observatorio de Tepehuanes Dgo.,17.3
-106.7,25.35,LHRDR,DGO,La Huerta Dgo.,27.5
-105.95,25.93,GNCDR,DGO,Guanaceví Dgo.,12.8
-104.53,24.13,MMDO,DGO,Aeropuerto Internacional de Durango Dgo.*,19.0
-106.54,24.7,TDRDR,DGO,El Tule del Real Dgo.,29.6
-104.07,25.26,AM2DR,DGO,Agustín Melgar Dgo. SMN*,21.7
-102.78,24.64,SJGUADALUPE,DGO,San Juan de Guadalupe Dgo. SMN*,21.3
-104.6,24.09,DURANGOob,DGO,Observatorio de Durango Dgo. SMN*,20.7
-104.68,23.87,SBYDR,DGO,Santiago Bayacora Dgo.,19.1
-103.96,24,FVLDR,DGO,Francisco Villa Dgo.,20.2
-105.72,25.34,TEPEHUANESob,DGO,Observatorio de Tepehuanes Dgo. SMN*,17.6
-102.78,24.56,TGRDR,DGO,El Tigre Dgo.,22.0
-103.44,26.11,THODR,DGO,Tlahualilo Dgo.,23.3
-103.35,24.47,SCLDR,DGO,Santa Clara Dgo.,20.4
-106.37,26.13,ROSDR,DGO,La Rosilla Dgo.,7.8
-104.66,24.2,PAGDR,DGO,Peña del Aguila Dgo.,19.1
-104.56,25.18,RDODR,DGO,Rodeo Dgo.,18.7
-105.22,25.58,INDDR,DGO,Indé Dgo.,17.2
-103.77,25.27,CFRDR,DGO,Cañón Fernández hidrométrica de Francisco Zarco Dgo.,24.8
-105,25.61,PALDR,DGO,Palmito hidrométrica de Lázaro Cárdenas Dgo.,23.1
-104.11,25.23,NZSDR,DGO,Nazas Dgo.,22.5
-104,26.39,ELYDR,DGO,El Yermo Dgo.,22.9
-106.13,24.44,SJRDR,DGO,San José de los Reyes Dgo.,22.6
-104.49,26.23,DERDR,DGO,El Derrame Dgo.,22.9
-100.52,18.08,AFIGR,GRO,Andrés Figueroa Gro.,32.5
-99.61,18.55,TAXGR,GRO,Taxco Gro.,23.0
-98.41,16.47,CNLGR,GRO,Cuajinicuilapa Gro.,28.2
-98.43,16.68,OMEGR,GRO,Ometepec Gro.,30.3
-99.8,16.8,ODAGR,GRO,Observatorio de Acapulco Gro.,27.8
-99.91,16.85,ACAGR,GRO,Acapulco Gro.,28.1
-100.47,17.14,SJEGR,GRO,San Jerónimo Gro.,28.1
-99.53,17.17,TCOGR,GRO,Tierra Colorada Gro.,26.0
-100.43,17.21,ATYGR,GRO,Atoyac Gro.,28.8
-101.05,17.38,CYQGR,GRO,Coyuquilla Gro.,27.2
-99.45,17.48,PETGR,GRO,Petaquillas Gro.,23.2
-98.6,17.5,TLPGR,GRO,Tlapa Gro.,27.2
-99.5,17.55,CHIGR,GRO,Chilpancingo Gro.,23.8
-99.4,17.57,TXTGR,GRO,Tixtla Gro.,25.4
-99.5,17.6,ODZGR,GRO,Observatorio de Zumpango Gro.,26.4
-99.18,17.61,CHLGR,GRO,Chilapa Gro.,21.5
-99.98,17.79,TLAGR,GRO,Tlacotepec Gro.,15.7
-101.55,17.65,ZHTGR,GRO,Zihuatanejo Gro.,30.4
-99.55,18.35,IGLGR,GRO,Iguala Gro.,29.2
-100.66,18.36,CALGR,GRO,Ciudad Altamirano Gro.,30.9
-101,18.42,LCLGR,GRO,La Calera Gro.,26.0
-99.4,18.46,BVSGR,GRO,Buena Vista Gro.,24.7
-99.47,18.3,VTRGR,GRO,Valerio Trujano Gro.,26.5
-99.52,17.58,AERGR,GRO,Observatorio de Chilpancingo Aeropuerto Gro.,25.5
-98.49,17.9,XXHGR,GRO,Xochihuehuetlán Gro.,27.8
-99.76,16.76,MMAA,GRO,Aeropuerto Internacional de Acapulco Gro.*,27.2
-101.55,17.64,ZIHUATANEJO,GRO,Zihuatanejo Gro. SMN*,30.5
-99.52,18.36,IGUALA,GRO,Iguala Gro. SMN*,30.2
-99.7,17.67,CCHGR,GRO,Chichihualco Gro.,23.4
-98.56,17.55,TLAPA,GRO,Tlapa Gro. SMN*,27.8
-100.66,18.35,CA2GR,GRO,Ciudad Altamirano Gro. SMN*,33.8
-98.5,16.66,QTZGR,GRO,Quetzala Gro.,27.3
-100.02,16.96,LDCGR,GRO,Laguna de Coyuca Gro.,27.0
-99.37,17.47,MCHGR,GRO,Mochitlán Gro.,24.5
-99.93,17.6,YXTGR,GRO,Yextla Gro.,23.5
-98.51,17.62,IXTGR,GRO,Ixcateopan de Tlapa Gro.,27.1
-99.5,17.55,CHILPANCINGOob,GRO,Observatorio de Chilpancingo Gro. SMN*,25.3
-99.52,17.23,EOCGR,GRO,El Ocotito Gro.,24.2
-101.06,17.27,PTOVICENTEMAR,GRO,Puerto Vicente Gro. SEMAR*,27.8
-99.1,16.95,AYUGR,GRO,Ayutla Gro.,24.7
-99.23,16.76,LASVIGASGRO,GRO,Las Vigas Gro. SMN*,27.9
-99.66,18.25,COCGR,GRO,Cocula Gro.,30.2
-98.58,17.77,AEROPISTASC,GRO,Aeropista Santa Cruz Gro. PC*,19.5
-99.91,16.82,ISLAROQUETAmar,GRO,Isla Roqueta Gro. SEMAR*,28.9
-101.46,17.61,MMZH,GRO,Aeropuerto Internacional de Ixtapa Zihuatanejo Gro.*,25.9
-101.47,21.07,COMGJ,GTO,Comanjilla Gto.,21.3
-101.22,21.48,SFEGJ,GTO,San Felipe Gto.,17.9
-100.36,20.2,CORGJ,GTO,Coroneo Gto.,15.4
-101.11,21.32,LQMGJ,GTO,La Quemada Gto.,17.4
-100.75,20.58,SMOGJ,GTO,San Miguel Octopan Gto.,19.2
-100.71,20.03,ACNGJ,GTO,Acámbaro Gto.,22.1
-100.67,20.06,SLSGJ,GTO,Solís Gto.,21.5
-100.9,20.28,ECBGJ,GTO,El Cubo Gto.,19.6
-100.89,20.22,SLVGJ,GTO,Salvatierra Gto.,20.4
-101.07,20.29,LDYGJ,GTO,Laguna de Yuriria Gto.,20.6
-101.07,20.3,SRTGJ,GTO,Santa Rita Gto.,21.6
-101.18,20.38,VDSGJ,GTO,Valle de Santiago Gto.,22.4
-101.54,20.45,ABSGJ,GTO,Abasolo Gto.,23.5
-101.74,20.44,GLNGJ,GTO,La Golondrina Gto.,23.4
-100.62,20.45,APSGJ,GTO,Apaseo el Alto Gto.,22.1
-100.96,20.49,CRTGJ,GTO,Cortázar Gto.,23.0
-101.63,20.5,ATBGJ,GTO,Agua Tibia Gto.,23.3
-101.11,20.52,PERGJ,GTO,Pericos Gto.,20.6
-100.82,20.54,CLYGJ,GTO,Celaya Gto.,19.5
-100.68,20.53,AEGGJ,GTO,Apaseo el Grande Gto.,20.3
-100.58,20.55,AMCGJ,GTO,Ameche Gto.,20.4
-101.2,20.57,SLMGJ,GTO,Salamanca Gto.,23.2
-101.3,20.6,TEMGJ,GTO,Temascatío Gto.,15.3
-101.67,20.62,CRMGJ,GTO,Cuerámaro Gto.,24.3
-101.84,20.68,LADGJ,GTO,Las Adjuntas Gto.,19.4
-101.35,20.68,IRPGJ,GTO,Irapuato Gto.,26.2
-101.37,20.72,ECNGJ,GTO,El Conejo Gto.,21.0
-100.83,20.85,IALGJ,GTO,Ignacio Allende Gto.,20.1
-101.29,20.87,PRSGJ,GTO,La Purísima Gto.,22.6
-100.9,20.95,CSRGJ,GTO,Cinco Señores Gto.,20.4
-101.84,21.05,BRRGJ,GTO,El Barrial Gto.,20.8
-101.69,21.14,LENGJ,GTO,León Gto.,23.3
-101.68,21.17,EPLGJ,GTO,El Palote Gto.,22.8
-101.67,21.2,CSTGJ,GTO,Los Castillos Gto.,22.5
-100.09,21.3,XICGJ,GTO,Xichú Gto.,24.1
-101.48,21.65,OCMGJ,GTO,Ocampo Gto.,17.6
-100.88,20.4,LGVGJ,GTO,Presa la Gavia Gto.,19.3
-101.24,20.87,ECHGJ,GTO,El Chapín Gto.,21.9
-100.88,21.1,PNLGJ,GTO,Peñuelitas Gto.,19.6
-99.83,21.32,SGORDAII,GTO,Sierra Gorda 2 Gto. SMN*,18.3
-101.27,21.01,GTOGJ,GTO,Observatorio de Guanajuato Gto.,22.3
-101.02,20.4,SJLGJ,GTO,Santa Julia Gto.,20.3
-101.48,20.99,MMLO,GTO,Aeropuerto Internacional de Guanajuato Gto.*,22.5
-100.52,20.15,JCRGJ,GTO,Jerécuaro Gto.,18.5
-101.37,20.71,ANSGJ,GTO,Arandas Gto.,21.0
-100.67,20.05,SL2GJ,GTO,Solis Gto.,21.5
-100.82,20.85,PALGJ,GTO,Presa Allende Gto. SMN*,20.4
-101.25,21.02,GUANAJUATOob,GTO,Observatorio de Guanajuato Gto. SMN*,22.3
-101.36,20.28,LJIGJ,GTO,Las Jícamas Gto.,22.5
-102,20.8,FRIAS,GTO,Frías Gto. Protección Civil*,22.0
-101.54,20.45,ABASOLOPC,GTO,Abasolo Gto. CEPCGTO*,22.6
-100.53,21.3,SANLUISPC,GTO,San Luis de la Paz Gto. CEPCGTO*,20.7
-100.64,20.21,ELMOROPC,GTO,El Moro Acámbaro Gto. CEPCGTO*,15.5
-100.61,20.46,APASEOPC,GTO,Apaseo el Alto Gto. CEPCGTO*,21.0
-101.5,21.01,SILAOPUERTOPC,GTO,Silao Puerto Interior Gto. CEPCGTO*,22.7
-101.17,21.03,VILLALPANDOPC,GTO,Villalpando Gto. CEPCGTO*,15.4
-100.15,21.14,TIERRABLANCAPC,GTO,Tierra Blanca Gto. CEPCGTO*,22.4
-100.33,21.14,DOCTORMORAPC,GTO,Doctor Mora Gto. CEPCGTO*,19.1
-101.43,21.21,SANFELIPEPC,GTO,San Felipe Gto. CEPCGTO*,17.7
-99.72,21.27,ATARJEAPC,GTO,Atarjea Gto. CEPCGTO*,23.6
-100.06,21.3,XICHUPC,GTO,Xichú Gto. CEPCGTO*,25.2
-101.08,20.37,JARALDELPC,GTO,Jaral del Progreso Gto. CEPCGTO*,21.9
-100.75,20.9,SMAGJ,GTO,San Miguel de Allende Gto.,20.9
-101.63,20.51,CORRALEJO,GTO,Corralejo Hidalgo Gto. Protección Civil*,23.1
-101.3,20.96,EMAVILLASPC,GTO,Villas Guanajuato Gto. CEPCGTO*,24.5
-101.27,21,EMADECEAPC,GTO,División de Ciencias Económicas Universidad de Guanajuato Gto. CEPCGTO*,22.0
-101.25,21.02,EMAACAUGPC,GTO,Observatorio de la Universidad de Guanajuato Gto. CEPCGTO*,21.8
-99.31,19.96,PRQHD,HGO,Requena Hgo.,19.4
-98.75,20.12,PCOHD,HGO,Observatorio de Pachuca Hgo.,18.1
-99.36,20.16,ENDHD,HGO,Endhó Hgo.,20.0
-99.22,20.24,MXQHD,HGO,Mixquiahuala Hgo.,19.5
-99.33,20.36,PRGHD,HGO,Javier Rojo Gómez Hgo.,17.7
-99.38,20.44,PVAHD,HGO,Vicente Aguirre Hgo.,19.0
-99.22,20.48,IXMHD,HGO,Ixmiquilpan Hgo.,19.1
-98.76,20.59,LMTHD,HGO,Metztitlán Hgo.,23.3
-98.35,21.02,ATCHD,HGO,Atlapexco Hgo.,28.0
-98.42,21.15,HJTHD,HGO,Huejutla Hgo.,25.9
-98.72,20.19,ELCHICO,HGO,El Chico Hgo. SMN*,14.4
-98.08,20.46,HHTHD,HGO,Huehuetla Hgo.,25.3
-98.37,20.08,TLGHD,HGO,Observatorio de Tulancingo Hgo.,18.9
-99.71,20.32,HUICHAPAN,HGO,Huichapan Hgo. SMN*,19.3
-98.47,19.73,ITESAAPAN,HGO,ITESA Apan Hgo. SMN*,15.7
-99.35,20.06,TLRHD,HGO,Tula Las Rosas Hgo.,19.6
-98.36,20.08,TULANCINGOob,HGO,Observatorio de Tulancingo Hgo. SMN*,18.2
-98.37,21.15,HUEHD,HGO,Huejutla Hgo. SMN*,27.2
-103.42,20.44,TLAJOMULCO,JAL,Tlajomulco Jal. SMN*,21.6
-104.57,19.23,CIHJL,JAL,Cihuatlán Jal.,25.3
-103.2,20.29,LDCJL,JAL,Lago de Chapala Jal.,22.9
-102.71,20.29,JMYJL,JAL,Jamay Jal.,21.0
-103.09,20.4,ATQJL,JAL,Atequiza Jal.,22.5
-102.25,20.48,HUAJL,JAL,Huascato Jal.,22.3
-104.05,20.55,RAMJL,JAL,Río Ameca Jal.,22.8
-103.32,20.58,TLAJL,JAL,Tlaquepaque Jal.,25.3
-103.85,20.6,VEGJL,JAL,Ing. Santiago Camarena Jal.,23.2
-103.35,20.68,GUAJL,JAL,Guadalajara Centro Jal.,22.6
-103.45,21.07,CXTJL,JAL,Cuixtla Jal.,27.7
-101.85,21.35,SAUJL,JAL,La Sauceda Jal.,20.3
-101.92,21.36,LDMJL,JAL,Lagos de Moreno Jal.,20.4
-102.58,21.45,TCAJL,JAL,Teocaltiche Jal.,21.9
-101.74,21.5,CRTJL,JAL,El Cuarenta Jal.,20.1
-102.77,19.29,CHLMC,JAL,Constitución de Apatzingán Jal.,29.4
-103.23,22.33,ACHZC,JAL,Achimec Jal.,19.4
-103.72,22.41,BCSJL,JAL,Bocas Jal.,21.9
-103.92,19.46,SMANANTLANI,JAL,Sierra Manatlán 1 Jal. SMN*,17.4
-105.13,20,RIOTOMATLAN,JAL,Río Tomatlán Jal. SMN*,26.0
-103.2,20.29,CHAJL,JAL,Chapala 1 Jal. SMN*,23.7
-103.32,20.29,PBRJL,JAL,Piedra Barrenada Jal.,24.0
-103.39,20.71,GUCJL,JAL,Observatorio de Guadalajara Jal.,22.7
-105.13,20,CPEJL,JAL,Cajón de Peña Jal.,26.1
-102.98,20.68,EGCJL,JAL,Ing. Elías González Chávez Jal.,21.4
-103.31,20.53,MMGL,JAL,Aeropuerto Internacional de Guadalajara Jal.*,22.4
-105.25,20.68,MMPR,JAL,Aeropuerto Internacional de Puerto Vallarta Jal.*,22.5
-104.37,19.98,TMLJL,JAL,Ramón Corona Madrigal General Jal.,21.7
-103.2,22.17,TENJL,JAL,Tenasco Jal.,20.3
-103.34,20.72,EXPJL,JAL,La Experiencia Jal.,22.9
-104.56,19.63,CHFJL,JAL,El Chiflón Jal.,26.5
-103.86,20.51,SALJL,JAL,El Salitre Jal.,24.2
-104.15,19.55,SMANANTLANII,JAL,Sierra Manatlán 2 Jal. SMN*,16.0
-103.59,19.59,NEVADOCOLIMA,JAL,Nevado de Colima Jal. SMN*,12.7
-103.03,20.17,TZPJL,JAL,Tizapán Jal.,23.7
-103.45,20.75,BAZJL,JAL,Base Aérea Zapopan Jal.,21.3
-104.06,19.91,BBAJL,JAL,Basilio Vadillo Jal.,27.1
-103.25,22.13,CLTJL,JAL,Observatorio de Colotlán Jal.,21.7
-103.39,20.71,COLJL2,JAL,Los Colomos Jal. SMN*,21.6
-105.18,19.65,HIGJL,JAL,Higuera Blanca 2 Jal.,23.2
-104.59,20.25,RODJL,JAL,El Rodeo Jal.,18.7
-105.21,20.73,LDBJL,JAL,La Desembocada Jal.,24.3
-105.24,20.66,PVALLARTAmar,JAL,Puerto Vallarta Jal. SEMAR*,22.0
-102.82,21.01,CUNJL,JAL,La Cuña Jal.,22.5
-103.4,18.97,TRJCM,JAL,Solidaridad Jal.,27.4
-103.36,20.58,PITJL,JAL,PIAE Toluquilla Jal.,23.9
-102.44,21.6,AJJJL,JAL,Ajojucar Jal.,19.9
-103.39,20.71,GUADALAJARAob,JAL,Observatorio de Guadalajara  Jal. SMN*,22.3
-103.46,19.73,CDGUZMANob,JAL,Observatorio de Ciudad Guzmán Jal. SMN*,21.2
-99.61,19.43,TROMX,MEX,Trojes Méx.,17.3
-98.87,19.19,SLAMX,MEX,San Luis Ameca Méx.,17.5
-99.51,19.2,CGCMX,MEX,Gerencia Conagua CODAGEM Méx.,15.5
-99.28,19.45,PTLMX,MEX,Presa Totolica Méx.,16.0
-99.78,19.46,PIRMX,MEX,Ignacio Ramírez Méx.,12.1
-99.7,19.47,SBBMX,MEX,José Antonio Alzate Méx.,14.2
-99.22,19.48,MBLMX,MEX,Molino Blanco Méx.,19.8
-98.88,19.48,CHPMX,MEX,Chapingo Méx.,20.0
-99.22,19.57,ARBMX,MEX,Las Arboledas Méx.,20.1
-98.92,19.58,GRDMX,MEX,La Grande Méx.,19.6
-99.19,19.62,OBSMX,MEX,San Martín Obispo Méx.,18.8
-99.05,19.63,K27MX,MEX,km 27+250 Méx.,18.4
-99.96,19.66,TPTMX,MEX,San Andrés Tepetitlán Méx.,15.7
-99.3,19.7,CNPMX,MEX,La Concepción Méx.,17.5
-99.86,20.04,PNDMX,MEX,Ñadó Méx.,15.4
-99.7,20.05,HPNMX,MEX,Huapango Méx.,12.9
-99.74,20.12,PMNMX,MEX,El Molino Méx.,13.0
-98.91,19.53,SADMX,MEX,San Andrés Méx.,18.3
-98.91,19.54,ATEMX,MEX,Atenco Méx.,19.4
-99.39,19.83,TXMHD,MEX,Taxhimay Méx.,18.6
-99.79,19.83,PFBMX,MEX,Francisco José Trinidad Fabela Méx.,13.7
-99.94,18.93,TESMX,MEX,Texcaltitlán Méx.,15.3
-99.8,19.34,TBRMX,MEX,Tres Barrancas Méx.,13.0
-99.91,19.86,TJCMX,MEX,El Tejocote Méx.,15.6
-99.77,19.57,IXCMX,MEX,Ixtlahuaca Méx.,14.6
-99.74,19.59,SLBMX,MEX,San Bartolo del Llano Méx.,16.7
-99.68,19.12,NEVMX,MEX,Nevado de Toluca Méx. SMN*,7.1
-99.42,18.99,OCUMX,MEX,Ocuilán de Arteaga Méx,17.4
-99.71,19.29,COBMX,MEX,Observatorio de Toluca Méx.,15.8
-100.08,19.38,VALLEDEBRAVO,MEX,Valle de Bravo Méx. SMN*,12.8
-99.28,19.45,TTLMX,MEX,Totolica hidrométrica Méx.,20.3
-99.12,19.9,TTQMX,MEX,Tajo de Tequixquiac Méx,16.5
-98.66,19.12,ALTZOMONI,MEX,Altzomoni Méx SMN*,8.1
-99.57,19.34,MMTO,MEX,Aeropuerto Internacional de Toluca Edo. de Méx.*,15.1
-99.24,19.45,EMOMX,MEX,El Molinito Río Hondo Méx.,20.3
-99.73,18.93,PDZMX,MEX,Porfirio Díaz Méx.,16.3
-99.52,19.57,CCAMX,MEX,Cerro Catedral Méx. SMN*,10.2
-99.87,19.78,ATLMX,MEX,Atlacomulco Méx. SMN*,16.5
-99.24,19.47,CCHN,MEX,Colegio de Ciencias y Humanidades Naucalpan Méx. UNAM*,19.9
-99.01,19.75,MMSM,MEX,Aeropuerto Internacional Felipe Ángeles Méx.,17.6
-99.71,19.29,TOLUCAob,MEX,Observatorio de Toluca Méx. SMN*,15.5
-99.87,19.78,ATPMX,MEX,Atlacomulco Prepa. Méx.,14.4
-99.6,19.21,RECMX,MEX,Rectoría Méx.,16.5
-99.25,19.64,GDLMX,MEX,Guadalupe Méx.,15.2
-98.86,19.64,SNLMX,MEX,San Lucas Méx.,17.5
-99.56,19.88,DNXMX,MEX,Danxho Méx.,14.7
-99.38,19.29,INNSE,MEX,Investigaciones Nucleares Méx. SGIRPC*,14.8
-99.03,19.39,NEZSE,MEX,Nezahualcóyotl Méx. SGIRPC*,21.0
-99.24,19.48,FACSE,MEX,FES Acatlán Méx. SGIRPC*,18.3
-98.91,19.64,ACOSE,MEX,Acolman Méx. SGIRPC*,18.8
-99.1,19.66,VIFSE,MEX,Villa de las Flores Méx. SGIRPC*,19.0
-99.2,19.72,CUTSE,MEX,Cuautitlán Méx. SGIRPC*,18.7
-100.44,18.78,BEJMX,MEX,Bejucos Méx.,27.1
-100.14,19.31,DONATOGUERRA,MEX,Donato Guerra Méx. SMN*,14.5
-99.26,19.52,EDOMEXNmar,MEX,EdoMéx.Norte Edo. de Méx. SEMAR*,19.9
-99.27,19.52,PREMX,MEX,Presa Madín Méx. SMN*,17.5
-101.93,18.92,ZICMC,MICH,Zicuirán Mich.,29.7
-102.37,19.08,APTMC,MICH,Apatzingán Mich.,28.4
-102.87,19.21,LOLMC,MICH,Los Olivos Mich.,28.9
-101.04,19.83,PDBMC,MICH,Planta de bombeo Mich.,22.0
-100.61,19.58,AGOMC,MICH,Agostitlán Mich.,14.8
-101.2,19.7,MNOMC,MICH,Morelia Norte Mich.,22.6
-101.1,19.7,MCEMC,MICH,Morelia Centro Mich.,21.3
-100.55,19.7,CHIMC,MICH,Ciudad Hidalgo Mich.,18.2
-100.87,19.83,MLPMC,MICH,Malpaís Mich.,22.5
-102.65,19.84,SJUMC,MICH,San Juanico Mich.,20.9
-100.44,19.89,MRVMC,MICH,Maravatío Mich.,19.4
-102.14,19.96,UREMC,MICH,Urepetiro Mich.,19.6
-102.27,19.97,CHAMC,MICH,Chaparaco Mich.,21.4
-100.23,20,TEPMC,MICH,Tepuxtepec Mich.,17.3
-102.72,20.07,SAHMC,MICH,Sahuayo Mich.,19.7
-102.4,20.1,SSIMC,MICH,San Simón Mich.,21.1
-101.72,20.13,MOCMC,MICH,Melchor Ocampo Mich.,22.3
-101.86,20.21,CORMC,MICH,Corrales Mich.,23.1
-102.44,20.3,DGNMC,MICH,De Gonzalo Mich.,23.7
-101.46,20.32,CBLMC,MICH,Casa Blanca Mich.,22.1
-102.24,20.34,YURMC,MICH,Yurécuaro Mich.,23.6
-102,20.35,LPDMC,MICH,La Piedad Mich.,23.6
-102.6,19.96,JARMC,MICH,Jaripo Mich.,19.4
-102.54,19.98,GUAMC,MICH,Guaracha Mich.,20.3
-102.42,20.18,BIBMC,MICH,Barraje de Ibarra Mich.,19.5
-102.46,20.21,SCRMC,MICH,San Cristóbal Mich.,22.0
-102.21,18.02,MLCMC,MICH,Melchor Ocampo L.C. Mich.,28.5
-101.18,19.69,MORMC,MICH,Observatorio de Morelia Mich.,22.3
-102.28,20.01,ZAMMC,MICH,Observatorio de Zamora Mich.,23.1
-102.04,19.4,MMPN,MICH,Aeropuerto Internacional de Uruapan Mich.*,20.1
-101.03,19.85,MMMM,MICH,Aeropuerto Internacional de Morelia Mich.*,19.7
-102.37,19.08,APAMC,MICH,Apatzingán Mich. SMN*,29.7
-101.99,20.23,ADUMC,MICH,Adjuntas Mich.,20.2
-102.08,19.42,URUAPAN,MICH,Uruapan Mich. SMN*,18.8
-100.29,19.54,MMONII,MICH,Mariposa Monarca 2 Mich. SMN*,12.0
-102.18,17.94,LCARDENASMAR,MICH,Lázaro Cárdenas Mich. SEMAR*,26.7
-100.68,19.62,PUCMC,MICH,Pucuato Mich.,15.9
-100.45,19.97,EGIMC,MICH,El Gigante Mich.,21.1
-101.2,19.7,MORELIAob,MICH,Observatorio de Morelia Mich. SMN*,22.1
-101.26,19.63,COIMC,MICH,Cointzio Mich.,18.9
-100.3,19.77,TMUMC,MICH,Tercer Mundo Mich.,16.8
-102.18,17.95,LZRCARDENASmar,MICH,Escuadrón Aeronaval 1021 de Lázaro Cárdenas Mich. SEMAR*,26.0
-101.66,19.93,AMEMC,MICH,Aristeo Mercado Mich.,19.9
-99.04,18.58,SPHMR,MOR,San Pablo Hidalgo Mor.,28.7
-99.31,18.49,TILMR,MOR,Tilzapotla Mor.,26.5
-99.19,18.53,XICMR,MOR,Xicatlacotla Mor.,29.5
-99.38,18.6,AMCMR,MOR,Amacuzac Mor.,26.3
-99.2,18.6,JOJMR,MOR,Jojutla Mor.,28.3
-99.42,18.61,HUAMR,MOR,Huajintlán Mor.,28.2
-98.8,18.7,JNCMR,MOR,Jonacatepec Mor.,26.0
-99.26,18.73,ALUMR,MOR,Alpuyeca Mor.,23.8
-98.95,18.81,CUAMR,MOR,Cuautla Mor.,24.9
-99.2,18.9,CUEMR,MOR,Cuernavaca Mor.,25.1
-99.22,18.86,TEMMR,MOR,Temixco Mor.,26.1
-99.05,18.9,YAHMR,MOR,Yautepec Mor.,25.3
-98.9,18.9,OAXMR,MOR,Oaxtepec Mor.,25.6
-99.19,18.92,SLDMR,MOR,Solidaridad Mor.,25.3
-99.03,18.92,OACMR,MOR,Oacalco Mor.,26.8
-99.16,18.77,PROMR,MOR,Progreso Mor.,25.6
-99.46,18.68,APAMR,MOR,Apacingo Mor.,27.6
-99.16,18.88,IMTMR,MOR,Instituto Mexicano de Tecnología del Agua Mor. SMN*,25.3
-98.96,18.85,CASMR,MOR,Casasano Mor.,25.7
-99.22,18.91,OBSMR,MOR,Observatorio de Cuernavaca Mor.,24.4
-99.07,18.97,TPZMR,MOR,Tepoztlán Mor.,24.8
-99.24,19.05,TMAMR,MOR,Tres Marías Mor.,13.5
-98.83,18.64,TEBMR,MOR,Tepalcingo Bachillerato Mor.,27.3
-99.26,18.83,MMCB,MOR,Aeropuerto Internacional de Cuernavaca Mor.*,26.1
-99.08,18.95,TEPOZTLAN,MOR,Tepoztlán Mor. SMN*,25.7
-99.25,18.68,XXOMR,MOR,Xoxocotla Mor.,26.6
-98.91,18.68,LCUMR,MOR,La Cuera Mor.,27.2
-99.02,18.44,HUTMR,MOR,Huautla Mor.,26.9
-99.18,18.57,HIGMR,MOR,Higuerón Mor.,29.2
-98.84,18.6,TPLMR,MOR,Tepalcingo Mor.,26.9
-99.25,18.61,TQGMR,MOR,Tequesquitengo Mor.,30.0
-99.32,18.63,PIXMR,MOR,Puente de Ixtla Mor.,27.8
-99.38,18.7,CUTMR,MOR,Cuautlita Mor.,28.3
-99.1,18.69,TMPMR,MOR,Temilpa Mor.,27.3
-99,18.73,MYOMR,MOR,Moyotepec Mor.,27.6
-98.75,18.81,TLOMR,MOR,Tlacotepec Mor.,23.6
-98.95,18.83,CUSMR,MOR,Cuautla SMN Mor.,24.9
-99.43,18.87,PAPMR,MOR,Palpan Mor.,24.7
-98.71,18.88,TETMR,MOR,Tetela del Volcán Mor.,20.6
-98.76,18.88,OCTMR,MOR,Ocuituco Mor.,23.3
-98.83,18.95,ACHMR,MOR,Achichipico Mor.,22.4
-98.93,18.95,ATLMR,MOR,Atlatlahucan Mor.,22.3
-98.94,19.04,TLCMR,MOR,Tlacualera Mor.,14.7
-98.79,18.69,ELPMR,MOR,El Peñón Mor.,25.7
-99.39,18.73,VIAMR,MOR,Vista Alegre Mor.,28.4
-98.87,18.88,YECMR,MOR,Yecapixtla Mor.,25.4
-98.78,18.94,HUXMR,MOR,Huecahuaxco Mor.,23.4
-98.86,18.89,YEEMR,MOR,Yecapixtla ETA 118 Mor.,22.5
-99.2,18.65,ZCTMR,MOR,Zacatepec Mor.,28.5
-99.27,19.05,HUCMR,MOR,Centro Bachillerato Tecnológico Agropecuario 154 Huitzilac Mor.,15.8
-99.23,18.93,CUERNAVACAob,MOR,Observatorio de Cuernavaca Mor. SMN*,25.1
-105.38,22.47,ACAPONETA,NAY,Acaponeta Nay. SMN*,24.7
-105.35,22.49,ACANR,NAY,Acaponeta Nay.,26.3
-104.3,21.04,IXTLANRIO,NAY,Ixtlán del Río Nay. SMN*,23.2
-104.89,21.49,TEPNR,NAY,Observatorio de Tepic Nay.,23.6
-104.84,21.42,MMEP,NAY,Aeropuerto Internacional de Tepic Nay.*,20.3
-105.21,22.12,ROMNR,NAY,Rosamorada Nay.,24.8
-105.29,21.53,SANBLASMAR,NAY,San Blas Nay. SEMAR*,22.3
-106.54,21.63,ISLASMARIASMAR,NAY,Islas Marías Nay. SEMAR*,22.9
-105.02,22.38,PAJNR,NAY,Pajaritos Nay.,25.6
-105.14,20.89,GAVNR,NAY,Gaviotas Nay.,25.4
-105.34,22.56,LESNR,NAY,La Estancia Nay.,26.7
-105.22,21.22,BOCADECHILAmar,NAY,Boca de Chila Nay. SEMAR*,21.9
-99.82,24.1,ARRNL,NL,Aramberri N.L.,23.0
-99.91,24.32,ASCNL,NL,La Ascensión N.L.,18.6
-99.7,24.78,CRUNL,NL,Crucitas N.L.,26.1
-100.08,24.83,GALNL,NL,Galeana N.L.,20.5
-99.58,24.87,CAMNL,NL,Camacho N.L.,26.8
-99.4,24.94,CPRNL,NL,José López Portillo N.L.,26.5
-99.74,24.99,CABNL,NL,Cabezones N.L.,25.2
-99.22,24.99,PAMNL,NL,La Pamona N.L.,27.1
-100.55,25.03,SRANL,NL,San Rafael N.L.,22.8
-99.83,25.17,MTMNL,NL,Montemorelos N.L.,25.6
-100.2,25.52,ECSNL,NL,El Cerrito N.L.,23.5
-100.27,25.68,MTRNL,NL,Monterrey N.L.,26.1
-99.61,26.09,CRVNL,NL,Cerralvo N.L.,25.4
-100.12,23.42,MYNNL,NL,Mier y Noriega N.L.,23.2
-100.31,25.58,ELDIENTE,NL,El Diente N. L. SMN*,23.3
-100.13,25.43,LBCNL,NL,Rodrigo Gómez N.L.,26.0
-99.28,25.71,CCHNL,NL,Cuchillo Solidaridad N.L.,26.1
-100.3,25.73,OBSNL,NL,Observatorio de Monterrey N.L.,26.4
-100.11,25.78,MMMY,NL,Aeropuerto Internacional de Monterrey N.L.*,26.2
-100.24,25.86,MMAN,NL,Aeropuerto Internacional del Norte N.L.*,26.5
-99.32,25.73,PCUNL,NL,Presa el Cuchillo N.L. SMN*,27.1
-100.24,25.86,RADIOSONDEOMTY,NL,Radiosondeo Monterrey N.L. SGT*,25.5
-99.75,27.7,COLOMBIA,NL,Colombia N.L. SGT*,25.4
-99.27,25.66,CPPRODRIGOGmar,NL,Capitanía de Puerto de Presa Rodrigo Gómez N. L. SEMAR*,27.4
-99.53,25.5,LERNL,NL,Las Enramadas N.L.,26.0
-100.27,25.8,CANNL,NL,El Canadá N.L.,26.3
-96.53,17.43,ATEOX,OAX,Atepec Oax.,20.0
-96.72,15.81,COZOX,OAX,San Francisco Cozoaltepec Oax.,28.1
-95.48,16.59,RHOOX,OAX,Río Hondo Oax.,28.3
-95.1,16.58,IXTOX,OAX,Ixtepec Oax.,30.0
-95.93,16.65,BOQOX,OAX,Boquilla 1 Oax.,27.9
-96.7,17,OAOOX,OAX,Observatorio de Aeropuerto Oaxaca Oax.,23.7
-96.73,17.07,OACOX,OAX,Oaxaca Centro Oax.,25.4
-95.48,17.45,MAROX,OAX,María Lombardo Oax.,27.3
-97.78,17.81,HLOOX,OAX,Observatorio de Huajuapan de León Oax.,23.2
-96.2,17.87,JACOX,OAX,Jacatepec Oax.,28.9
-96.53,17.88,SFUOX,OAX,San Felipe Usila Oax.,25.8
-96.26,18,CDOOX,OAX,Miguel de la Madrid Hurtado Oax.,28.1
-96.41,18.23,TEMOX,OAX,Presidente Alemán Oax.,28.7
-95.92,17.73,RMLOX,OAX,Río Manso Lalana Oax.,29.6
-98.14,17.5,SLAOX,OAX,Silacayoápam Oax.,24.0
-97.82,17.75,FOYOX,OAX,San Francisco Yosocuta Oax.,24.3
-97.82,17.89,ZAPOX,OAX,Zapotitlán Palmas Oax.,23.2
-97.54,17.73,STTOX,OAX,Santiago Teotongo Oax.,17.7
-95.37,16.43,EMAOX,OAX,El Marqués Oax.,29.9
-96.55,17.27,SCIOX,OAX,Ixtepeji Oax.,20.5
-97.68,18.19,SNCOX,OAX,Santiago Chazumba Oax.,22.5
-97.81,17.65,TSLOX,OAX,Heroica Villa Tezoatlán de Segura y Luna Oax.,23.8
-97.78,17.81,HDLOX,OAX,Huajuapan de León Oax.,21.8
-98.28,17.53,CALOX,OAX,Calihualá Oax.,24.8
-97.68,17.27,TLXOX,OAX,Heroica Ciudad de Tlaxiaco Oax.,16.9
-97.9,17.91,SCHOX,OAX,Santiago Chilixtlahuaca Oax.,24.1
-96.26,15.77,MMBT,OAX,Aeropuerto Internacional de Bahías de Huatulco Oax.*,28.9
-96.72,17,MMOX,OAX,Aeropuerto Internacional de Oaxaca Oax.*,22.0
-96.54,15.74,TNMOX,OAX,Tonameca Oax.,29.5
-97.09,15.87,MMPS,OAX,Aeropuerto Internacional de Puerto Escondido Oax.*,27.9
-98.39,17.76,ZALOX,OAX,Zapotitlán Lagunas Oax.,24.2
-96.3,17.78,VANOX,OAX,Valle Nacional Oax.,29.5
-96.08,18.17,PAPOX,OAX,Papaloapan Oax.,29.8
-96.58,16.34,MIAHUATLAN,OAX,Miahuatlán Oax. SMN*,22.1
-96.74,17.16,BJUAREZ,OAX,Benito Juárez Oax. SMN*,22.6
-95.93,17.15,ZACOX,OAX,Zacatepec Oax.,23.1
-97.02,17.46,CMTOX,OAX,Santiago Camotlán Oax.,21.1
-98.28,17.85,SJCOX,OAX,San Juan Cieneguillas Oax.,25.5
-95.2,16.18,SCROX,OAX,Observatorio de Salina Cruz Oax.,30.2
-94.77,16.33,SANDIONISIOmar,OAX,San Dionisio del Mar Oax. SEMAR*,29.6
-96.48,15.67,PTAOX,OAX,Observatorio de Puerto Angel Oax.,28.9
-97.49,17.51,TEPOX,OAX,Teposcolula Oax.,14.9
-97.65,18.25,SSFOX,OAX,San Sebastian Frontera Oax.,22.0
-97.06,15.86,CPPESCONDIDOmar,OAX,Capitanía de Puerto de Puerto Escondido Oax. SEMAR*,28.2
-96.13,15.75,HUATULCOMAR,OAX,Huatulco Oax. SEMAR*,29.3
-95.2,16.18,EIOSALINACZmar,OAX,Estación de Investigación Oceanográfica de Salina Cruz Oax. SEMAR*,30.0
-96.13,15.75,DOZNHUATULCOmar,OAX,Décima Octava Zona Naval de Huatulco Oax. SEMAR*,27.8
-96.49,15.67,PANGELob,OAX,Observatorio de Puerto Angel Oax. SMN*,29.1
-98.05,16.35,PNTOX,OAX,Pinotepa Oax. SMN*,29.5
-97.25,17.44,NOCHISTLAN,OAX,Nochixtlán Oax. SMN*,18.5
-95.19,16.17,CPSALINACRUZmar,OAX,Capitanía de Puerto de Salina Cruz Oax. SEMAR*,29.9
-97.82,19.62,IXTPB,PUE,Ixtacamaxtitlán Pue.,15.5
-98.57,18.11,CHSPB,PUE,Chila de la Sal Pue.,26.6
-98.26,18.2,PIXPB,PUE,Piaxtla Pue.,27.3
-98.78,18.45,TELPB,PUE,Teotlalco Pue.,25.8
-97.4,18.48,TEHPB,PUE,Tehuacán Pue.,23.4
-98.58,18.52,CHIPB,PUE,Chietla Pue.,25.7
-98.47,18.61,IZMPB,PUE,Izúcar de Matamoros Pue.,26.3
-97.91,18.74,SMCPB,PUE,San Miguel Canoa Pue.,15.7
-98.54,18.77,HQCPB,PUE,Huaquechula Pue.,25.0
-97.75,18.88,TECPB,PUE,Tecamachalco Pue.,19.2
-98.42,18.92,ATXPB,PUE,Atlixco Pue.,21.6
-98.28,18.97,ECHPB,PUE,Echeverría Pue.,18.7
-97.96,18.97,CEMPB,PUE,Cemex Pue.,16.9
-97.44,18.99,CDSPB,PUE,Ciudad Serdán Pue.,15.9
-98.23,19.01,MAYPB,PUE,Mayorazgo 21 Poniente Pue.,19.1
-98.2,19.02,CNAPB,PUE,Conagua Pue.,18.9
-98.17,19.05,PUOPB,PUE,Observatorio de Puebla Pue.,20.2
-97.93,19.06,ACJPB,PUE,Acajete Pue.,17.2
-98.32,19.07,CHLPB,PUE,Cholula Pue.,18.4
-98.06,19.09,CPLPB,PUE,Capulac Pue.,17.7
-98.46,19.1,HJTPB,PUE,Huejotzingo Pue.,18.9
-97.62,19.25,QUIPB,PUE,Quimixtlán Pue.,19.6
-97.49,19.49,TPYPB,PUE,Tepeyahualco Pue.,16.8
-97.53,19.7,OYAPB,PUE,Oyameles Pue.,10.5
-98.05,19.74,CNGPB,PUE,Chignahuapan Pue.,13.1
-97.81,19.83,TEOPB,PUE,Tetela de Ocampo Pue.,17.7
-97.58,19.86,ZCPPB,PUE,Zacapoaxtla Pue.,16.7
-98.05,20.18,HUAPB,PUE,Huauchinango Pue.,19.8
-97.84,20.41,APAPB,PUE,Apapantilla Pue.,27.2
-98.16,18.61,COAPB,PUE,Coatzingo Pue.,24.9
-98.22,19.11,SCRPB,PUE,San Cristóbal Caleras Pue.,17.7
-97.85,20.73,MTLPB,PUE,Metlaltoyuca Pue.,24.9
-97.92,18.85,AHAPB,PUE,Ahuatepec Pue.,21.8
-98.58,19.33,SRTPB,PUE,Santa Rita Tlahuapan Pue.,16.3
-97.39,19.89,TEZIUTLAN,PUE,Teziutlán Pue. SMN*,15.1
-98.05,20.18,UDSPB,PUE,Universidad de la Sierra Pue.,20.5
-98.43,19.29,SMTPB,PUE,San Martín Texmelucan Pue.,18.1
-98.06,18.28,ADOPB,PUE,Acatlán de Osorio Pue.,25.2
-98.38,19.16,MMPB,PUE,Aeropuerto Internacional de Puebla Pue.*,18.3
-97.69,19.46,LIBPB,PUE,Libres Pue.,15.1
-97.62,18.31,TEHUACAN,PUE,Tehuacán Pue. SMN*,22.3
-97.72,18.87,UTTPB,PUE,Universidad Tecnológica Tecamachalco Pue. SMN*,18.5
-97.95,20.24,XICOTEPEC,PUE,Xicotepec Pue. SMN*,14.5
-98.57,18.68,IZUPB,PUE,Izúcar de Matamoros Pue. SMN*,24.5
-97.4,20.12,RNAPB,PUE,Rancho Nuevo Pue.,27.2
-97.36,19.82,TEZPB,PUE,Teziutlán Pue.,19.4
-98.11,18.91,BDDPB,PUE,Manuel Avila Camacho Pue.,16.7
-98.14,18.94,AFRPB,PUE,Africam Pue.,20.8
-97.42,19.45,ACHPB,PUE,Alchichica Pue.,14.2
-97.52,20.03,CTZPB,PUE,Cuetzalan del Progreso Pue.,22.4
-97.96,20.28,XDJPB,PUE,Xicotepec de Juárez Pue.,21.1
-96.85,18.4,TLPPB,PUE,Tlacotepec de Díaz Pue.,26.5
-97.79,20,TDRPB,PUE,Tepango de Rodríguez Pue.,18.3
-97.68,20.51,VENPB,PUE,Venustiano Carranza Pue.,23.6
-98.15,20.03,AHUPB,PUE,Ahuazotepec Pue.,15.3
-97.21,20.13,SJAPB,PUE,San José Acateno Pue.,25.6
-100.37,20.57,GHQQT,QRO,Gerencia Hidalgo Qro.,22.9
-99.96,20.2,IDFQT,QRO,San Ildefonso Qro.,18.3
-100,20.36,SJSQT,QRO,San José Qro.,21.8
-100.08,20.42,CNSQT,QRO,Constitución de 1917 Qro.,21.4
-100.41,20.5,BATQT,QRO,El Batán Qro.,21.3
-100.45,20.54,EPUQT,QRO,El Pueblito Qro.,22.3
-100.37,20.57,OBSQT,QRO,Observatorio de Querétaro Qro.,22.9
-100.45,20.7,JRQQT,QRO,Juriquilla Qro.,21.6
-99.82,21.06,PMLQT,QRO,Peñamiller Qro.,25.4
-100.19,20.62,MMQT,QRO,Aeropuerto Intercontinental de Querétaro Qro.*,20.1
-100.28,20.39,HUIQT,QRO,Huimilpan Qro. SMN*,18.3
-99.17,21.5,SGORDAI,QRO,Sierra Gorda 1 Qro. SMN*,21.2
-99.47,21.21,PJALPAN,QRO,Presa Jalpan Qro. SMN*,26.9
-87.49,21.1,KANTUNILKIN,QROO,Kantunilkín Q. Roo. SMN*,26.5
-86.95,20.51,COZQR,QROO,Cozumel Q. Roo.,28.4
-86.82,21.16,CANQR,QROO,Cancún Q. Roo.,29.0
-88.7,19.75,JMORELOS,QROO,José María Morelos Q. Roo. SMN*,28.0
-86.78,21.07,CNCQR,QROO,Cancún Radar Q. Roo. SMN*,27.3
-88.33,18.5,CHOQR,QROO,Observatorio de Chetumal Q. Roo.,28.6
-88.04,19.58,FCRQR,QROO,Observatorio de Felipe Carrillo Puerto Q. Roo.,26.6
-87.08,20.63,PDCQR,QROO,Playa del Carmen Q. Roo.,26.3
-88.32,18.51,MMCM,QROO,Aeropuerto Internacional de Chetumal Q. Roo.*,27.0
-86.93,20.51,MMCZ,QROO,Aeropuerto Internacional de Cozumel Q. Roo.*,26.5
-86.87,21.04,MMUN,QROO,Aeropuerto Internacional de Cancún Q. Roo.*,25.6
-88.33,18.5,CHETUMALob,QROO,Observatorio de Chetumal Q. Roo. SMN*,28.3
-88.3,18.52,CHTQR,QROO,Chetumal Tecnológico Q. Roo.,28.1
-88.46,18.57,INIQR,QROO,Instituto Nacional de Innovación Agraria Q. Roo.,27.1
-87.47,20.13,SIAQR,QROO,Sian Ka an 2 Q. Roo. SMN*,26.7
-88.92,18.46,NICOLASBRAVO,QROO,Nicolás Bravo Q. Roo. SMN*,26.7
-86.74,21.24,IMJQR,QROO,Isla Mujeres Q.Roo.,28.7
-87.37,21.52,HLBQR,QROO,Isla Holbox Q. Roo.,28.9
-107.06,24.75,VINSI,SIN,Vinoramas Sin.,26.0
-107.76,25.12,RAVSI,SIN,Estación Rancho Viejo Sin.,25.1
-105.85,23.09,TORSI,SIN,Las Tortugas Sin.,24.9
-105.85,22.98,RSRSI,SIN,Rosario Sin.,25.7
-106.25,23.35,SQRSI,SIN,Siqueros Sin.,24.5
-106.47,23.56,QLTSI,SIN,Quelite Sin.,24.8
-106.9,23.92,LCRSI,SIN,La Cruz Sin.,23.7
-106.6,23.96,IXPSI,SIN,Ixpalino Sin.,24.7
-106.81,24.57,JLPSI,SIN,José López Portillo Sin.,26.9
-107.44,24.63,OBSSI,SIN,Observatorio de Culiacán Sin.,24.9
-107.1,24.45,SLRSI,SIN,San Lorenzo Sin.,25.7
-107.4,24.82,CLCSI,SIN,Culiacán Sin.,26.7
-107.47,25.03,AWSSI,SIN,Andrew Weiss Sin.,25.8
-107.84,25.49,SJNSI,SIN,San Juan Sin.,24.9
-107.54,25.33,BDRSI,SIN,Badiraguato Sin.,24.3
-108.09,25.47,GMCSI,SIN,Guamúchil Sin.,25.6
-108.47,25.72,GSVSI,SIN,Guasave Sin.,25.7
-109,25.8,MCHSI,SIN,Los Mochis Sin.,26.0
-109.18,25.92,AHMSI,SIN,Ahome Sin.,23.9
-109.3,25.97,HDZSI,SIN,Higuera de Zaragoza Sin.,23.2
-108.78,26.07,SFRSI,SIN,Sufragio Sin.,25.1
-109.33,26.1,CRRSI,SIN,El Carrizo Sin.,22.2
-108.7,26.43,JORSI,SIN,Josefa Ortiz de Domínguez Sin.,25.1
-108.62,26.43,EFTSI,SIN,El Fuerte Sin.,26.0
-108.58,26.51,PMHSI,SIN,Miguel Hidalgo Sin.,26.3
-107.16,24.81,SN2SI,SIN,Sanalona hidrométrica Sin.,25.2
-108.32,26.08,GB2SI,SIN,El Sabinal hidrométrica Sin.,24.6
-108.35,26.9,LD2SI,SIN,Huites hidrométrica Sin.,26.9
-106.4,23.23,MZTSI,SIN,Observatorio de Mazatlán Sin.,23.7
-106.7,24.12,SLTSI,SIN,Ing. Aurelio Benassini Vizcaíno Sin.,24.2
-108.33,26.74,CHXSI,SIN,Observatorio de Choix Sin.,26.1
-106.27,23.17,MMMZ,SIN,Aeropuerto Internacional de Mazatlán Sin.*,22.7
-109.08,25.69,MMLM,SIN,Aeropuerto Internacional de Los Mochis Sin.*,23.0
-107.84,25.49,SANJUAN,SIN,San Juan Sin. SMN*,24.8
-106.65,24.05,ACTSI,SIN,Acatitán Sin.,24.1
-107.38,25.09,AL2SI,SIN,El Varejonal hidrométrica Sin.,26.3
-109.07,25.59,TOPOLOBAMPOMAR,SIN,Topolobampo Sin. SEMAR*,23.8
-107.22,25.34,GTNSI,SIN,Guatenipa Sin.,28.8
-107.91,25.86,GD2SI,SIN,Bacurato hidrométrica de Gustavo Diaz Ordáz Sin.,24.3
-105.72,22.54,TEACAPANmar,SIN,Teacapán Sin. SEMAR*,22.8
-106.41,23.2,MAZATLANmar,SIN,Mazatlán Sin. SEMAR*,23.3
-107.47,24.76,MMCL,SIN,Aeropuerto Internacional Federal de Culiacán Sin.*,25.1
-108.7,25.7,ARCSI,SIN,Adolfo Ruiz Cortines Sin.,24.3
-109.06,25.59,EIOTOPOLOBMPmar,SIN,Estación de Investigación Oceanográfica de Topolobampo Sin. SEMAR*,24.0
-98.89,21.42,RQTSL,SLP,Requetemu S.L.P.,27.2
-98.62,21.69,SVTSL,SLP,San Vicente S.L.P.,27.7
-98.96,21.75,BLMSL,SLP,Ballesmi S.L.P.,28.2
-98.94,21.85,PUJSL,SLP,El Pujal S.L.P.,29.7
-99.24,21.91,GANSL,SLP,Gallinas S.L.P.,27.3
-99.16,22.12,MICSL,SLP,Micos S.L.P.,26.0
-101,22.2,SGRSL,SLP,Soledad Graciano S.L.P.,21.9
-99.32,22.52,NRJSL,SLP,Naranjos S.L.P.,25.7
-100.64,23.66,MATSL,SLP,Matehuala S.L.P.,23.1
-98.56,21.97,AJTSL,SLP,Las Adjuntas S.L.P.,27.1
-100.67,23.65,MA2SL,SLP,Matehuala S.L.P. SMN*,22.3
-98.8,21.33,MTPSL,SLP,Observatorio de Matlapa S.L.P.,28.3
-99.15,21.82,TNCSL,SLP,Tanchachín S.L.P.,27.0
-100,21.93,RVDSL,SLP,Observatorio de Río Verde S.L.P.,25.9
-101.02,22.15,SLPSL,SLP,Observatorio de San Luis Potosí S.L.P.,20.6
-100.93,22.26,MMSP,SLP,Aeropuerto Internacional de San Luis Potosí S.L.P.*,20.1
-99.06,22.02,STRSL,SLP,Santa Rosa S.L.P.,28.4
-100.94,21.81,GOGORRON,SLP,Gogorrón S.L.P. SMN*,21.5
-100.02,21.94,CDFERNANDEZ,SLP,Ciudad Fernández S.L.P. SMN*,27.7
-100.98,22.18,SLPOTOSIob,SLP,Observatorio de San Luis Potosi S.L.P. SMN*,20.7
-100,21.92,RIOVERDEob,SLP,Observatorio de Río Verde S.L.P. SMN*,26.4
-100.76,21.85,OCTSL,SLP,Ojo Caliente S.L.P.,20.5
-98.82,21.32,MATLAPAob,SLP,Observatorio de Matlapa S.L.P. SMN*,28.5
-99.83,21.65,PMYSL,SLP,Pedro Montoya S.L.P.,27.3
-100.82,21.88,IVGSL,SLP,Valentín Gama S.L.P.,20.9
-99.02,21.98,CDVSL,SLP,Ciudad Valles S.L.P.,27.3
-101.91,22.83,VRASL,SLP,Villa de Ramos S.L.P.,18.1
-110.29,30.98,CNNSO,SON,Cananea Son.,17.2
-108.76,26.6,CZNSO,SON,Cazanate Son.,23.2
-109.44,27.07,NVJSO,SON,Navojoa Son.,23.9
-108.88,27.41,SBNSO,SON,San Bernardo Son.,23.1
-109.62,27.42,CCRSO,SON,Cocoraque Son.,22.3
-109.21,27.66,TSOSO,SON,Tesocoma Son.,22.6
-110.85,27.95,GYMSO,SON,Guaymas Son.,22.4
-108.92,28.37,YC2SO,SON,Yécora Son. SMN*,14.3
-108.93,28.37,YCRSO,SON,Yécora Son.,14.7
-110.31,28.47,PTASO,SON,Punta de Agua 2 Son.,21.0
-110.92,29.07,HM2SO,SON,Observatorio de Hermosillo Son.,24.7
-110.93,29.07,HMNSO,SON,Hermosillo Son.,24.3
-109.23,29.2,ECBSO,SON,El Cubil Son.,25.9
-110.73,29.21,PMOSO,SON,Ing. Rodolfo Félix Valdés Son.,23.7
-110.74,29.47,CJNSO,SON,El Cajón Son.,22.9
-110.23,29.82,ACNSO,SON,Aconchi Son.,20.6
-111.02,30.05,QRBSO,SON,Querobabi Son.,19.7
-109.09,30.07,ARISO,SON,Aribabi Son.,19.3
-108.96,30.21,HSHSO,SON,Huachinera Son.,19.2
-110.17,30.34,ARZSO,SON,Arizpe Son.,20.1
-108.93,30.36,BCRSO,SON,Bacerac Son.,17.4
-111.45,30.39,SRSSO,SON,Santa Rosa 2 Son.,20.6
-109.38,30.44,LCDSO,SON,Lázaro Cárdenas Son.,24.2
-112.12,30.7,PTQSO,SON,Pitiquito Son.,21.8
-110.89,30.76,IMRSO,SON,Imuris Son.,16.9
-111.52,30.87,CHTSO,SON,Cuauhtémoc Son.,18.7
-110.95,31.32,NGLSO,SON,Nogales Son.,18.2
-112.85,31.87,NYNSO,SON,Sonoyta Son.,19.9
-114.97,32.06,ENCINAS,SON,Encinas Johnson Son. REMAS*,20.7
-109.14,26.46,TOTOLIBOQUI,SON,Totoliboqui Son. REMAS*,22.7
-109.05,26.5,EJIDO21MARZO,SON,Ejido 21 de Marzo Son. REMAS*,22.2
-109.68,26.84,NAVOBAXIA,SON,Navobaxia Son. REMAS*,20.5
-109.75,26.9,SAHUARALO,SON,Sahuaral de Otero Son. REMAS*,20.3
-109.83,27,BLOCK2918,SON,Block 2918 Son. REMAS*,19.8
-109.5,27.01,SEMAY,SON,Semay Son. REMAS*,21.8
-109.48,27.11,CHIHUAHUITASO,SON,Chihuahuita Son. REMAS*,23.1
-109.9,27.14,BLOCK2010,SON,Block 2010 Son. REMAS*,20.1
-109.8,27.17,BLOCK1922,SON,Block 1922 Son. REMAS*,22.2
-109.66,27.18,BLOCK1936,SON,Block 1936 Son. REMAS*,22.1
-109.58,27.21,PUEBLO,SON,Pueblo Mayo Son. REMAS*,23.4
-110.04,27.23,BLOCK1703,SON,Block 1703 Son. REMAS*,21.9
-108.91,27.32,CASA,SON,Casa Colorada Son. REMAS*,24.3
-110.02,27.32,BLOCK1101,SON,Block 1101 Son. REMAS*,21.1
-110.34,27.4,BLOCK731,SON,Block 731 Son. REMAS*,20.6
-109.13,27.47,ALGODONES,SON,Los Algodones Son. REMAS*,24.6
-110.29,27.64,VCMSO,SON,Vícam Son.,22.5
-109.4,27.85,ROSARIO,SON,Rosario Tesopaco Son. REMAS*,21.2
-110.55,28,CAMPO,SON,Campo Selza Son. REMAS*,22.0
-110.93,28,BUENOS,SON,Buenos Aires Gym Son. REMAS*,21.9
-110.66,28.12,SANTAMARIA,SON,Santa María Son. REMAS*,19.8
-110.51,28.37,TREINTA,SON,Las Treinta Son. REMAS*,23.2
-109.89,28.42,SUAQUI,SON,Suaqui Grande Son. REMAS*,22.9
-111.32,28.68,PEANA,SON,Peaña Son. REMAS*,22.0
-111.65,28.69,KINO,SON,Kino Son. REMAS*,20.7
-111.47,28.74,FATIMA,SON,El Milagro de Fátima Son. REMAS*,21.6
-111.56,28.84,SANTAELENAS,SON,Santa Elena Son. REMAS*,21.0
-111.23,28.9,ABEJAS,SON,Abejas Son. REMAS*,22.5
-110.18,28.94,MAZATAN,SON,Mazatán Son. REMAS*,20.5
-111.13,28.96,BACHATA,SON,La Bachata Son. REMAS*,20.9
-109.22,29.05,SAHUARIPA,SON,Sahuaripa Son. REMAS*,23.2
-111.56,29.09,GREEN,SON,Green Stripe Son. REMAS*,22.1
-109.99,29.12,MATAPE,SON,Mátape Son. REMAS*,20.9
-110.93,29.39,TRACALITA,SON,Tracalita Son. REMAS*,21.0
-110.31,29.44,URES,SON,Ures Son. REMAS*,19.2
-110.93,29.55,SELVA,SON,Selva Son. REMAS*,20.3
-108.97,29.69,NACORI,SON,Nácori Chico Son. REMAS*,19.5
-112.06,29.78,SANTAADELA,SON,Santa Adela Son. REMAS*,21.2
-110.21,29.97,BANAMICHI,SON,Banámichi Son. REMAS*,18.2
-109.79,30.19,CUMPAS,SON,Cumpas Son. REMAS*,20.7
-108.92,30.39,BACERAC,SON,Bacerac Son. REMAS*,18.8
-111.56,30.47,CORRALES,SON,Los Corrales Son. REMAS*,20.4
-108.96,30.51,BAVISPE,SON,Bavispe Son. REMAS*,18.5
-111.21,30.79,ALMAS,SON,Las Palmas Son. REMAS*,17.8
-112.78,30.83,LOLEYTA,SON,Loleyta Son. REMAS*,20.5
-112.03,31,CUCHUJAQUI,SON,Cuchujaqui Son. REMAS*,18.7
-110.6,31.19,SANTACRUZS,SON,Santa Cruz Son. REMAS*,14.5
-110.91,31.3,NOGALES,SON,Nogales Son. SMN*,18.6
-113.3,31.68,PINACATE,SON,El Pinacate Son. SMN*,21.5
-112.67,31.77,SONOYTAS,SON,Sonoyta Son. REMAS*,18.7
-112.85,31.87,SONOYTA,SON,Sonoyta Son. SMN*,21.0
-114.92,32.17,COLONIA,SON,Colonia Medano Son. REMAS*,19.9
-115.01,32.25,VALENZUELA,SON,Rancho Valenzuela Son. REMAS*,20.1
-114.87,32.33,PIVOTE,SON,Rancho El Pivote Son. REMAS*,21.5
-114.85,32.44,MONUMENTOS,SON,Monumentos Son. REMAS*,20.9
-109.6,26.82,HUATABAMPO,SON,Huatabampo Son. REMAS*,21.4
-109.58,27.05,CHUCARIT,SON,Chucarit Son. REMAS*,21.0
-110.8,27.95,EPLSO,SON,Observatorio de Empalme Son.,23.2
-109.08,29.43,PDNSO,SON,Paso Nácori Son.,23.4
-111.83,30.71,ALTSO,SON,Observatorio de Altar Son.,21.0
-113.55,31.35,PT2SO,SON,Observatorio de Puerto Peñasco Son.,21.2
-114.8,32.42,RCOLORADO,SON,San Luis Río Colorado Son. SMN*,22.1
-111.92,28.82,BAHIAKINO,SON,Bahía de Kino Son. SMN*,19.6
-111.36,28.56,CUICHI,SON,Cuichi Son. REMAS*,20.6
-110.96,29.91,QUEROBABI,SON,Querobabi Son. REMAS*,19.8
-109.83,27.4,MMCN,SON,Aeropuerto Internacional de Ciudad Obregón Son.*,22.9
-110.92,27.97,MMGM,SON,Aeropuerto Internacional de Guaymas Son.*,23.7
-111.05,29.09,MMHO,SON,Aeropuerto Internacional de Hermosillo Son.*,25.2
-112.44,30.77,CABORCA,SON,Caborca Son. SMN*,21.5
-111.72,29.06,DOLORES,SON,Dolores Jam Son. REMAS*,21.3
-109.04,26.43,EZAPATAS,SON,Ejido Emiliano Zapata Sur Son. REMAS*,22.0
-111.26,28.98,SANTONINO,SON,Santo Niño Son. REMAS*,22.3
-111.59,28.98,ELROSARIO2SO,SON,El Rosario 2 Son. REMAS*,21.9
-110.16,27.32,BLOCK1213,SON,Block 1213 Son. REMAS*,20.9
-113.54,31.3,PTOPENASCOob,SON,Observatorio de Puerto Peñasco Son. SMN*,21.9
-109.89,27.75,AGCSO,SON,Agua Caliente Son.,21.8
-109.64,28.98,PECSO,SON,Plutarco Elías Calles Son.,24.7
-110.4,28.43,IRASO,SON,Ignacio R. Alatorre Son.,22.0
-110.24,28.71,SJPSO,SON,San José de Pimas Son.,22.2
-110.55,27.58,GUAYMASMAR,SON,Guaymas Son. SEMAR*,23.3
-110.14,29.67,BAVIACORA,SON,Baviácora Son. REMAS*,20.1
-113.54,31.31,PTOPENASCOMAR,SON,Puerto Peñasco Son. SEMAR*,20.8
-109.84,27.13,VJZSO,SON,Villa Juárez Son.,24.9
-108.97,26.8,CHINO,SON,Chino Gordo Son. REMAS*,22.0
-109.58,26.96,CAMPO20,SON,Campo el 20 Son. REMAS*,21.7
-110.72,30.34,LADRILLERA,SON,La Ladrillera Son. REMAS*,18.3
-111.15,30.54,TIERRAVIEJA,SON,Campo Tierra Vieja Son.REMAS*,19.0
-114.97,32.3,BONFIL,SON,Despepite Bonfil Nuevo León Son. REMAS*,20.7
-111.76,29.24,CHIPILON,SON,Chipilón Son. REMAS*,22.0
-109.53,26.81,REGLA,SON,La Regla Son. REMAS*,21.6
-110.26,27.28,BLOCK1423,SON,Block 1423 Son. REMAS*,21.4
-109.5,29.53,TPCSO,SON,Tepache Son.,23.8
-110.57,29.71,RAYSO,SON,Rayón Son.,21.0
-109.5,26.91,TRESCARLOS,SON,Tres Carlos Son. INIFAP*,21.1
-109.69,27.03,BUAYSIACOBE,SON,Buaysiacobe Son. INIFAP*,20.9
-109.71,27.21,BLOCK1730,SON,Block 1730 Son. INIFAP*,21.7
-109.11,27.23,ARCSO,SON,Adolfo Ruiz Cortines Son.,25.5
-109.84,27.28,BLOCK1418,SON,Block 1418 Son. INIFAP*,21.5
-109.93,27.37,OBOSO,SON,Observatorio Cd. Obregón Son.,22.8
-110.1,27.41,BLOCK609,SON,Block 609 Son. INIFAP*,19.5
-109.93,27.5,COBSO,SON,Ciudad Obregón Son.,25.1
-110.12,27.51,BLOCK111,SON,Block 111 Son. INIFAP*,20.9
-110.01,27.55,PELJAZMIN,SON,Predio El Jazmín Son. INIFAP*,21.7
-109.89,27.82,AOBSO,SON,Alvaro Obregón Son.,23.7
-111.25,28.31,SAHUARALA,SON,Sahuaral Son. INIFAP*,20.3
-111.56,28.61,PERICOI,SON,Perico 1 Son. INIFAP*,20.5
-111.36,28.79,ELBERVANO,SON,El Bervano Son. INIFAP*,22.2
-114.93,32.41,MOCTEZUMA,SON,Moctezuma Son. INIFAP*,20.2
-109.7,26.75,TOROCOBA,SON,Torocoba Son. REMAS*,20.7
-110.87,30.68,LAHUERFANA,SON,La Huérfana Son. REMAS*,20.2
-109.97,29.11,MTPSO,SON,Mátape Son.,22.0
-111.82,30.6,EUGENIA,SON,María Eugenia Son. REMAS*,20.5
-110.88,27.92,SRNGUAYMASmar,SON,Sexta Región Naval de Guaymas Son. SEMAR*,23.3
-112.35,30.51,SURCABORACA,SON,Sur Caborca Son. REMAS*,20.5
-112.87,30.74,COSTERO,SON,El Costero Son. REMAS*,20.3
-112.91,30.85,RIVERA,SON,La Rivera Son. REMAS*,24.3
-110.8,27.95,EMPALMEob,SON,Observatorio de Empalme Son. SMN*,23.5
-112.46,30.77,CABORCAEX,SON,Caborca Exportadora Son. REMAS*,19.6
-112.49,30.84,SANLUIS,SON,San Luis Son. INIFAP*,20.8
-111.23,30.05,CARRIZO,SON,El Carrizo Son. REMAS*,18.7
-109.56,31.24,AGUAPRIETA,SON,km 9 Ejido Agua Prieta Son. REMAS*,15.6
-110.24,30.6,BCNSO,SON,Bacanuchi Son.,15.9
-109.52,26.71,CPYAVAROSmar,SON,Capitanía de Puerto de Yavaros Son. SEMAR*,22.9
-111.4,30.61,LOMA,SON,La Loma Son. REMAS*,19.6
-109.42,26.97,CAPETAMAYA,SON,Capetamaya Son. REMAS*,20.7
-109.94,27.49,OBREGONob,SON,Observatorio de Obregón Son. SMN*,22.7
-109.01,28.33,YECORAS,SON,Yécora Son. REMAS*,14.0
-109.68,30.37,PNACOZARIob,SON,Observatorio de Pilares de Nacozari Son. SMN*,21.5
-108.94,27.02,ALASO,SON,Álamos Son. SMN*,23.2
-108.94,27.02,ALMSO,SON,Álamos Son.,22.7
-109.75,27.12,BLOCK228,SON,Block 228 Son. REMAS*,21.2
-109.4,27.13,TESIA,SON,Tesia Son. INIFAP*,21.4
-109.93,27.23,BLOCK1608,SON,Block 1608 Lote 20 Son. REMAS*,21.3
-109.93,27.62,CORRAL,SON,Estación Corral Son. REMAS*,21.6
-110.66,28.3,ORTIZ,SON,Ortiz Son. REMAS*,22.8
-92.75,17.38,OXOTB,TAB,Oxolotán Tab.,27.9
-91.48,17.43,BDCTB,TAB,Boca del Cerro Tab.,28.6
-92.94,17.57,PUYTB,TAB,Puyacatengo Tab.,27.9
-92.6,17.77,MACTB,TAB,Macuspana Tab.,29.4
-92.88,17.85,PNVTB,TAB,Pueblo Nuevo Tab.,27.8
-93,17.98,GONTB,TAB,González Tab.,28.5
-92.92,17.98,EMUTB,TAB,Villahermosa Muelle Tab.,29.4
-92.81,18.04,EPOTB,TAB,El Porvenir Tab.,28.5
-93.33,18.42,PARAISO,TAB,Paraíso Tab. SMN*,28.6
-92.82,18,MMVA,TAB,Aeropuerto Internacional de Villahermosa Tab.*,27.9
-93.28,18,SAMTB,TAB,SaMaría Tab.,28.7
-99.27,24.02,STETP,TAMP,Santa Engracia Tamps.,26.3
-97.84,22.28,MDRTP,TAMP,Madero Tamps.,26.1
-97.93,22.39,BALTP,TAMP,Bombas Altamira Tamps.,26.4
-98.42,22.41,TMSTP,TAMP,Tamesí Tamps.,27.2
-98.69,22.6,ERCTP,TAMP,Estudiante Ramiro Caballero Dorantes Tamps.,28.5
-98.87,22.78,SDATP,TAMP,Saca de Agua Tamps.,27.1
-98.71,22.8,MGSTP,TAMP,Magiscatzín Dos Tamps.,28.0
-99.12,22.85,LSRTP,TAMP,La Servilleta Tamps.,27.1
-99.03,22.84,RFRTP,TAMP,Río Frío Tamps.,28.7
-98.79,22.94,SLZTP,TAMP,Lic. Emilio Portes Gil Tamps.,28.0
-99.09,23.03,SBNTP,TAMP,Sabinas Tamps.,26.1
-98.79,23.09,SGBTP,TAMP,San Gabriel Tamps.,27.1
-97.99,23.26,RSPTP,TAMP,República Española Tamps.,26.1
-99.08,23.38,ENNTP,TAMP,La Encantada Tamps.,24.9
-99.17,23.72,CVCTP,TAMP,Observatorio de Ciudad Victoria Tamps.,26.7
-98.75,23.73,PDMTP,TAMP,Paso de Molina Tamps.,27.9
-98.67,23.96,VGRTP,TAMP,Vicente Guerrero Tamps.,26.6
-98.9,24.04,PADTP,TAMP,Padilla Tamps.,29.3
-98.39,24.07,ABSTP,TAMP,Abasolo Tamps.,26.5
-99.12,24.08,BR1TP,TAMP,El Barretal Uno Tamps.,26.3
-99.22,24.1,BRRTP,TAMP,El Barretal Tamps.,25.8
-99.02,24.21,PILTP,TAMP,Pilón Tamps.,27.7
-99.58,24.18,PVLTP,TAMP,Puerto de Valles Tamps.,23.9
-99.56,24.25,PJMTP,TAMP,Pedro José Méndez Tamps.,25.7
-99.43,24.25,MHGTP,TAMP,Miguel Hidalgo Tamps.,26.7
-99.55,24.57,MAGTP,TAMP,Magueyes Tamps.,25.6
-98.16,24.84,FDOTP,TAMP,San Fernando Tamps.,25.1
-97.82,25.97,CONTP,TAMP,Control Tamps.,25.1
-97.8,25.7,VHMTP,TAMP,Valle Hermoso Tamps.,25.1
-97.8,25.8,PANTP,TAMP,Pueblo Anáhuac Tamps.,25.1
-97.52,25.83,MATTP,TAMP,Matamoros Tamps.,25.5
-97.8,25.91,VCATP,TAMP,Villa Cárdenas Tamps.,25.1
-99.19,23.73,CVTTP,TAMP,Ciudad Victoria Tamps.,26.0
-99.15,22.99,AHLTP,TAMP,Ahualulco Tamps.,28.1
-98.94,23.94,CORTP,TAMP,Corona Tamps.,26.8
-97.95,23.17,LAETP,TAMP,La Esperanza Tamps.,24.3
-98.21,23.76,SLMTP,TAMP,Observatorio de Soto la Marina Tamps.,27.3
-99.55,24.57,VSMTP,TAMP,Victoria San Marcos Tamps.,26.6
-98.59,25.12,MENTP,TAMP,Mendez Tamps.,26.7
-98.93,26.2,MRGTP,TAMP,Marte Rodolfo Gómez Tamps.,25.9
-98.96,23.71,MMCV,TAMP,Aeropuerto Internacional de Ciudad Victoria Tamps.*,27.9
-97.53,25.77,MMMA,TAMP,Aeropuerto Internacional de Matamoros Tamps.*,25.7
-98.23,26.01,MMRX,TAMP,Aeropuerto Internacional de Reynosa Tamps.*,26.1
-99.57,27.45,MMNL,TAMP,Aeropuerto Internacional de Nuevo Laredo Tamps.*,27.8
-97.86,22.29,MMTM,TAMP,Aeropuerto Internacional de Tampico Tamps.*,25.2
-98.98,22.74,CIUDADMANTE,TAMP,Ciudad Mante Tamps. SMN*,28.7
-99.49,24.3,VILLAGRAN,TAMP,Villagrán Tamps. SMN*,25.4
-98.84,26.31,SANJUAN2,TAMP,San Juan Tamps. SGT*,25.9
-97.93,22.39,ALTAMIRAob,TAMP,Observatorio de Altamira Tamps. SMN*,26.5
-99.23,26.57,CPPFALCONmar,TAMP,Capitanía de Puerto de Presa Falcón Tamps. SEMAR*,26.3
-97.88,22.24,TMPTP,TAMP,Sistema Lagunero del Río Tamesí Tamps.,26.4
-98.29,26.08,RYATP,TAMP,S J 3 42 Reynosa Tamps.,26.2
-98.88,26.17,RYNTP,TAMP,S J 2 9 Reynosa Tamps.,26.2
-98.6,26.24,CDOTP,TAMP,S J 2 18 Ciudad Díaz Ordaz Tamps.,26.2
-98,25.97,RIBTP,TAMP,Río Bravo Tamps.,25.6
-97.91,19.2,ZITTL,TLAX,Zitlaltepec Tlax.,16.4
-98.24,19.22,ZACTL,TLAX,Zacatelco Tlax.,17.9
-97.77,19.3,CUATL,TLAX,Cuapiaxtla Tlax.,16.4
-97.65,19.32,ECTTL,TLAX,El Carmen Tequexquitla Tlax.,16.7
-98.25,19.32,OBSTL,TLAX,Observatorio de Tlaxcala Tlax.,18.5
-98.2,19.56,SJATL,TLAX,San José Atlanga Tlax.,15.8
-98.56,19.59,CPPTL,TLAX,Calpulalpan Tlax.,14.6
-98.13,19.43,APITL,TLAX,Apizaco Tlax.,16.3
-97.95,19.31,HUATL,TLAX,Huamantla Tlax. SMN*,14.5
-98.04,19.3,MALINCHEI,TLAX,La Malinche 1 Tlax. SMN*,14.1
-98.23,19.32,TLAXCALAob,TLAX,Observatorio de Tlaxcala Tlax. SMN*,18.6
-95.03,18.52,SONVC,VER,Sontecomapan Ver.,25.6
-96.97,19.45,TAPVC,VER,Tapachapan Ver.,21.3
-96.97,19.55,OTIVC,VER,Otilpan Ver.,19.9
-94.92,17.42,LPEVC,VER,Las Perlas Ver.,29.5
-95.03,17.43,JCRVC,VER,Jesús Carranza Ver.,29.5
-94.09,17.87,JDCVC,VER,San José del Carmen Ver.,24.8
-95.13,17.88,SJEVC,VER,San Juan Evangelista Ver.,29.1
-94.77,18.14,MNZVC,VER,Minzapan Ver.,27.0
-95.35,18.25,LAUVC,VER,Lauchapan Ver.,27.3
-95.56,18.27,GARVC,VER,Garro Ver.,28.9
-96.37,19.36,CRDVC,VER,Cardel Ver.,26.7
-97.39,19.41,ZALVC,VER,Zalayeta Ver.,14.8
-96.93,19.48,BRIVC,VER,Briones Ver.,19.7
-96.59,19.5,ACTVC,VER,Actopan Ver.,27.9
-96.92,19.53,XOBVC,VER,Observatorio de Xalapa Ver.,21.0
-96.85,19.55,XCFVC,VER,Xalapa CFE Ver.,20.6
-97.02,19.6,JOYVC,VER,La Joya Ver.,14.2
-96.87,19.65,NAOVC,VER,Naolinco Ver.,18.4
-97.23,19.76,ALTVC,VER,Altotonga Ver.,16.8
-96.98,20.05,LIBVC,VER,Libertad Ver.,26.9
-97.81,20.89,SBTVC,VER,Sombrerete Ver.,25.5
-98.36,21.3,PSNVC,VER,Platón Sánchez Ver.,27.1
-98.41,21.5,TMPVC,VER,Tempoal Ver.,27.5
-98.16,21.74,CHYVC,VER,Paso de Piedras Ver.,24.9
-98.46,21.77,HGOVC,VER,El Higo Ver.,27.5
-98.5,21.83,OLVVC,VER,El Olivo Ver.,27.1
-98.18,22.06,PNCVC,VER,Pánuco Ver.,27.4
-98.29,21.19,HLSVC,VER,Los Hules Ver.,27.0
-94.16,17.57,TMOVC,VER,Tierra Morada Ver.,28.2
-97.27,19.55,PEROTESMN,VER,Perote Ver. SMN*,14.7
-96.92,19.81,TNCVC,VER,Tenochtitlán Ver.,23.1
-95.3,18.14,CTTVC,VER,Cuatotolapan Ver.,26.9
-95.42,18.47,TZAVC,VER,Tres Zapotes Ver.,27.4
-97.1,18.85,ORZVC,VER,Observatorio de Orizaba Ver.,21.5
-96.11,19.15,VERVC,VER,Observatorio de Veracruz Ver.,27.2
-96.95,19.18,HTSVC,VER,Huatusco Ver.,17.3
-97.4,20.96,TXPVC,VER,Observatorio de Tuxpan Ver.,26.6
-94.58,18.1,MMMT,VER,Aeropuerto Internacional de Minatitlán Ver.*,26.4
-96.19,19.14,MMVR,VER,Aeropuerto Internacional de Veracruz Ver.*,26.9
-97.46,20.6,MMPA,VER,Aeropuerto de Poza Rica Ver.*,27.3
-97.54,21.07,CLHVC,VER,Chalahuite Ver.,26.6
-94.93,18.38,TUXTLASII,VER,Los Tuxtlas 2 Ver. SMN*,20.8
-97.24,18.93,LOMAGRANDE,VER,Loma Grande Ver. SMN*,14.4
-96.86,19.55,XCAVC,VER,Xalapa Castillo Protección Civil Ver.,20.8
-96.92,18.89,CORDOBASGT,VER,Córdoba Ver. SGT*,25.5
-95.97,19.04,ELSALADOMAR,VER,El Salado Ver. SEMAR*,26.3
-94.4,18.1,COTVC,VER,Observatorio de Coatzacoalcos Ver.,27.3
-96.41,19.73,LVERDEmar,VER,Laguna Verde Ver. SEMAR*,27.1
-98.15,21.04,TRRVC,VER,Terrerillos Ver.,27.2
-96.65,19.32,CRRVC,VER,Carrizal Ver.,26.9
-97.88,21.33,CITLALTEPEC,VER,Citlaltepec Ver. SMN*,26.5
-96.94,19.45,COAVC,VER,Coatepec Ver.,20.3
-97.1,19.65,LVRVC,VER,Las Vigas de Ramírez Ver.,14.2
-96.88,19.6,INCVC,VER,Ingenio Concepción Ver.,21.7
-97.1,18.85,ORIZABAob,VER,Observatorio de Orizaba Ver. SMN*,21.0
-96.36,19.41,ENRVC,VER,El Naranjillo Ver.,28.5
-94.93,18.04,ACAYUCAN,VER,Acayucan Ver. SMN*,28.1
-96.1,18.19,CDAVC,VER,Ciudad Alemán Ver. SMN*,28.5
-95.44,18.58,ARCVC,VER,Angel Rosario Cabada Ver.,26.8
-97.04,18.85,PTUXPANGO,VER,Presa Tuxpango Ver. SMN*,21.9
-96.61,19.02,VTEVC,VER,Villa Tejeda Ver.,25.1
-96.41,19.26,LOFVC,VER,Loma Fina Ver.,26.7
-96.49,19.34,TAMVC,VER,Tamarindo Ver.,26.5
-96.55,19.4,IDOVC,VER,Idolos Ver.,27.1
-96.84,19.7,ACAVC,VER,Acatlán Ver.,17.1
-97.05,20.07,MDTVC,VER,Martínez de la Torre Ver.,26.0
-96.16,19.07,ETEVC,VER,El Tejar Ver.,28.1
-96.93,19.51,XBSVC,VER,Xalapa Base PC Ver.,20.2
-96.92,19.53,XPMVC,VER,Xalapa Palacio PC Ver.,21.2
-96.94,19.53,XIMVC,VER,Xalapa IMAC PC Ver.,19.7
-96.92,19.54,XCNVC,VER,Xalapa Constituyentes PC Ver.,22.3
-96.9,19.56,XMNVC,VER,Xalapa Minas PC Ver.,21.4
-96.95,19.56,XAYVC,VER,Xalapa Plan de Ayala PC Ver.,19.6
-96.92,19.58,XNAVC,VER,Xalapa Naranjal PC Ver.,20.8
-97.23,18.92,LGRVC,VER,Loma Grande Ver.,14.3
-96.33,19.15,MFAVC,VER,Manlio Fabio Altamirano Ver.,27.6
-96.91,19.57,XMRVC,VER,Xalapa Moral Ver. PC*,20.8
-94.67,17.95,JALVC,VER,Jaltipán Ver.,28.1
-96.97,19.38,TCOVC,VER,Teocelo Ver.,20.0
-97.68,20.93,ALAVC,VER,Alamo Temapache Ver.,28.7
-97,20.48,CPTECOLUTLAmar,VER,Capitanía de Puerto de Tecolutla Ver. SEMAR*,23.8
-97.13,18.58,TLQVC,VER,Tlaquilpa Ver.,15.5
-97.24,19.58,PERVC,VER,Perote Ver.,13.2
-96.36,18.45,TBPVC,VER,Tierra Blanca AC Ver.,29.9
-96.87,19.51,XOLVC,VER,Xalapa Olmos PC Ver.,21.4
-96.92,19.52,XMEVC,VER,Xalapa Ciencias Atmosféricas UV Ver.,20.8
-96.93,19.54,XGEVC,VER,Xalapa Geografía PC Ver.,21.6
-96.98,19.59,PILVC,VER,Piletas Ver.,19.0
-88.93,20.13,PETYC,YUC,Peto Yuc.,26.3
-89.39,20.29,OXKYC,YUC,Oxkutzcab Yuc.,28.1
-89.56,20.4,TICYC,YUC,Ticul Yuc.,28.1
-89.08,20.46,CANYC,YUC,Cantamayec Yuc.,28.2
-89.71,20.49,MUNYC,YUC,Muna Yuc.,27.5
-89.83,20.75,CHOYC,YUC,Chocholá Yuc.,28.4
-89.65,20.95,MEOYC,YUC,Observatorio de Mérida Yuc.,29.0
-89.66,20.98,GARYC,YUC,Organismo de Cuenca Península de Yucatán Yuc.,28.2
-89.64,21.03,CICYC,YUC,Centro de Investigación Científica Yuc.,28.9
-87.99,21.16,TIZIMIN,YUC,Tizimín Yuc. SMN*,26.4
-87.68,21.51,CYOYC,YUC,El Cuyo Yuc.,26.7
-88.17,21.16,TIZYC,YUC,Tizimín Yuc.,27.1
-89.22,19.88,BECYC,YUC,Becanchén Yuc.,27.7
-90.38,20.86,CELYC,YUC,Celestún Yuc. SMN*,27.7
-89.44,21.11,MOCYC,YUC,Mocochá Yuc.,28.7
-89.3,21.1,MTOYC,YUC,Motul Yuc.,28.1
-88.16,21.57,RILYC,YUC,Río Lagartos Yuc. SMN*,26.1
-88.2,20.69,VALYC,YUC,Observatorio de Valladolid Yuc.,27.9
-89.65,21.28,PROYC,YUC,Observatorio de Progreso Yuc.,27.1
-89.66,20.93,MMMD,YUC,Aeropuerto Internacional de Mérida Yuc.*,28.3
-88.45,20.64,MMCT,YUC,Aeropuerto Internacional de Chichén Itzá Yuc.*,28.7
-89.64,21.05,FIYYC,YUC,Facultad de Ingeniería Universidad Autónoma de Yucatán Yuc.,26.4
-89.5,21.08,CONYC,YUC,Conkal Yuc.,27.3
-89.68,20.65,ABAYC,YUC,Abalá Yuc.,28.1
-88.16,21.57,RLAYC,YUC,Río Lagartos Yuc.,26.5
-88.22,20.68,VALLADOLIDob,YUC,Observatorio de Valladolid Yuc. SMN*,28.1
-89.05,20.03,TANYC,YUC,Tantaquín Yuc.,27.4
-89.7,21.28,YUCALPETENmar,YUC,Yucalpetén Yuc. SEMAR*,27.2
-88.9,21.39,DZILAM,YUC,Dzilam Yuc. SMN*,27.0
-89.53,21.28,EIOPROGRESOmar,YUC,Estación de Investigación Oceanográfica de Progreso Yuc. SEMAR*,28.3
-89.65,21.3,PROGRESOob,YUC,Observatorio de Progreso Yuc. SMN*,27.5
-103.51,24.29,SGOZC,ZAC,Santiago Zac.,19.9
-102.85,21.36,NCTZC,ZAC,Nochistlán Zac.,19.6
-103.34,21.59,VILZC,ZAC,José María Morelos Zac.,26.9
-103.35,21.65,EXCZC,ZAC,Miguel Alemán Zac.,19.9
-103.31,21.77,TLLZC,ZAC,Tlaltenango Zac.,20.5
-103.46,21.81,ATGZC,ZAC,Atolinga Zac.,17.6
-102.9,22,CHIZC,ZAC,El Chique Zac.,23.9
-101.4,22.12,PINZC,ZAC,Pino Suárez Zac.,17.3
-102.86,22.12,TAYZC,ZAC,Ing. Julián Adame Alatorre Zac.,19.5
-103.56,22.31,MRSZC,ZAC,Monte Escobedo Zac.,14.8
-102.8,22.35,PALZC,ZAC,Palomas Zac.,18.3
-102.04,22.67,ELSZC,ZAC,El Saladillo Zac.,17.9
-103.6,22.69,LFLZC,ZAC,La Florida Zac.,17.8
-102.51,22.75,GPEZC,ZAC,Guadalupe Zac.,19.7
-102.51,22.75,ZA2ZC,ZAC,Zacatecas Zac. SMN*,18.8
-102.59,22.76,ZACZC,ZAC,Zacatecas Zac.,18.9
-103.38,22.85,LOBZC,ZAC,Manuel Felgueres Zac.,17.0
-103.11,22.92,STRZC,ZAC,Santa Rosa Zac.,17.8
-102.66,23,LLBZC,ZAC,Llano Blanco Zac.,17.8
-102.89,23.17,FREZC,ZAC,Fresnillo Zac.,19.6
-103.22,23.18,LREZC,ZAC,Gobernador Leobardo Reynoso Zac.,17.4
-103.1,23.69,ELCZC,ZAC,El Cazadero Zac.,19.6
-103.03,23.82,RGRZC,ZAC,Río Grande Zac.,19.7
-102.88,24.33,SFOZC,ZAC,San Francisco Zac.,21.6
-103.88,23.47,TCHZC,ZAC,Chalchihuites Zac.,19.2
-103.46,21.47,TGOZC,ZAC,Teúl de González Ortega Zac.,20.5
-103.09,21.93,GJAZC,ZAC,General Joaquín Amaro Zac.,18.2
-103.11,21.4,JCHZC,ZAC,Juchipila Zac.,22.3
-102.9,21.71,PMOZC,ZAC,Los Moraleños Zac.,23.8
-101.99,22.26,LORZC,ZAC,Loreto Zac.,20.9
-103.5,22.33,STEZC,ZAC,Independencia Nacional Zac.,19.1
-102.57,22.78,LBUZC,ZAC,Observatorio de Zacatecas Zac.,17.0
-103.64,23.64,SOMZC,ZAC,Observatorio de Sombrerete Zac.,19.9
-102.68,22.9,MMZC,ZAC,Aeropuerto Internacional de Zacatecas Zac.*,18.2
-101.72,22.35,VHGZC,ZAC,Villa Hidalgo Zac.,19.8
-103.6,22.69,LAFLORIDA,ZAC,La Florida Zac. SMN*,19.5
-102.73,23.6,CFPZC,ZAC,Cañitas de Felipe Pescador Zac,17.0
-101.71,24.62,70640,ZAC,EM Presa de Jales M. Peñasquito Zac.,20.7
-101.8,24.63,70600,ZAC,EM Pista M. Peñasquito Zac.,21.0
-101.71,24.65,70620,ZAC,EM Planta de Óxidos M. Peñasquito Zac.,21.6
-101.67,24.66,70660,ZAC,EM Antena Norte M. Peñasquito Zac.,20.1
-103.36,21.21,MORZC,ZAC,Mezquital del Oro Zac.,21.9
-103.61,21.22,HITZC,ZAC,Huitzila Zac.,18.5
-102.79,21.56,TLAZC,ZAC,Tlalchichila Zac.,17.9
-102.57,22.78,ZACATECASob,ZAC,Observatorio de Zacatecas Zac. SMN*,16.7
-102.62,24.98,NTAZC,ZAC,Nuevo Tampico Zac.,21.6
-102.35,23.29,VCOZC,ZAC,Villa de Cos Zac.,19.4
-102.25,22.44,LMOZC,ZAC,Luis Moya Zac.,18.9
-103,22.64,JERZC,ZAC,Jerez Zac.,19.6
-103.05,21.61,SANTODOMINGOINI,ZAC,Santo Domingo Zac. INIFAP*,24.0
-103.33,21.64,CBTATEPECHITLAN,ZAC,Centro de Bachillerato Tecnológico Agropecuario Tepechitlán Zac. INIFAP*,20.6
-103.31,21.93,MOMAX,ZAC,Momax Zac. INIFAP*,18.1
-102,22.28,LORETO,ZAC,Loreto Zac. INIFAP*,17.6
-101.62,22.28,LAVICTORIAZC,ZAC,La Victoria Zac. INIFAP*,17.9
-102.88,22.31,VLLLANUEVA,ZAC,Villanueva Zac. INIFAP*,18.8
-102.29,22.52,ELALPINO,ZAC,El Alpino Zac. INIFAP*,17.6
-101.98,22.52,ESTDEANIMAS,ZAC,Estancia de Animas Zac. INIFAP*,17.7
-103.04,22.54,SANTAFEZC,ZAC,Santa Fe Zac. INIFAP*,17.0
-102.07,22.69,ELSALADILLO,ZAC,El Saladillo Zac. INIFAP*,17.7
-102.98,22.7,SANTARITA,ZAC,Santa Rita Zac. INIFAP*,17.8
-102.32,22.72,LASARCINAS,ZAC,Las Arcinas Zac. INIFAP*,17.9
-102.69,22.72,UAAGRONOMIA,ZAC,Unidad Académica de Agronomía Zac. INIFAP*,17.5
-102.51,22.76,UABIOLOGIA,ZAC,Unidad Académica de Biología Zac. INIFAP*,19.2
-103.57,22.78,CBTAVALPARAISO,ZAC,Centro de Bachillerato Tecnológico Agropecuario Valparaíso Zac. INIFAP*,18.5
-103.15,22.85,PALMASALTAS,ZAC,Palmas Altas Zac. INIFAP*,16.8
-102.66,22.91,CEZAC,ZAC,Campo Experimental Zacatecas Zac. INIFAP*,17.5
-102.88,22.99,MESADEFUENTES,ZAC,Mesa de Fuentes Zac. INIFAP*,17.0
-102.27,23.04,CHAPARROSA,ZAC,Chaparrosa Zac. INIFAP*,17.9
-102.72,23.18,ELPARDILLO3,ZAC,El Pardillo 3 Zac. INIFAP*,16.9
-103.04,23.22,COLEMANCIPACION,ZAC,Colonia Emancipación Zac. INIFAP*,17.5
-103.34,23.23,ABREGO,ZAC,Abrego Zac. INIFAP*,16.8
-102.34,23.28,COBAEZVILLACOS,ZAC,Cobaez Villa de Cos Zac. INIFAP*,19.0
-102.93,23.39,RGRANDEZC,ZAC,Rancho Grande Zac. INIFAP*,18.1
-102.18,23.46,SIERRAVIEJA,ZAC,Sierra Vieja Zac. INIFAP*,18.4
-102.73,23.6,CANITAS,ZAC,Cañitas Zac. INIFAP*,17.3
-103.73,23.72,PROVIDENCIAZC,ZAC,Providencia Zac. INIFAP*,17.1
-102.16,23.78,AGUANUEVAZC,ZAC,Agua Nueva Zac. INIFAP*,19.8
-103.54,23.79,EMILIANOZAPATAZ,ZAC,Emiliano Zapata Zac. INIFAP*,16.8
-103.33,23.82,COLPROGRESO,ZAC,Colonia Progreso Zac. INIFAP*,17.7
-103.66,23.96,COLHIDALGO,ZAC,Col. Hidalgo Zac. INIFAP*,16.7
-103.45,23.97,COLGLZORTEGA,ZAC,Colonia González Ortega Zac. INIFAP*,18.5
-103.24,24.05,MOGOTES,ZAC,Mogotes Zac. INIFAP*,17.4
-103.39,24.12,CUNO,ZAC,Campo 1 Zac. INIFAP*,16.7
-101.71,24.14,TDEHACHEROS,ZAC,Tanque de Hacheros Zac. INIFAP*,18.9
-102.15,24.19,MARIANITA,ZAC,Marianita Zac. INIFAP*,20.4
-102.9,21.9,TIERRABLANCAINI,ZAC,Tierra Blanca Zac. INIFAP*,21.0
-101.39,24.62,CORZC,ZAC,Concepción del Oro Zac.,21.0
-102.46,22.49,GRCZC,ZAC,Genaro Codina Zac.,18.0
-103.12,21.36,UPSZELREMOLINO,ZAC,Universidad Politécnica del Sur de Zacatecas El Remolino Zac. INIFAP*,22.5
-102.27,22.58,OCAZC,ZAC,Ojo Caliente Zac.,18.4
